sample_number,0,1,2,3,4,5,6,7,8,9,10,11,12,13,14,15,16,17,18,19,20,21,22,23,24,25,26,27,28,29,30,31,32,33,34,35,36,37,38,39,40,41,42,43,44,45,46,47,48,49,50,51,52,53,54,55,56,57,58,59,60,61,62,63,64,65,66,67,68,69,70,71,72,73,74,75,76,77,78,79,80,81,82,83,84,85,86,87,88,89,90,91,92,93,94,95,96,97,98,99,100,101,102,103,104,105,106,107,108,109,110,111,112,113,114,115,116,117,118,119,120,121,122
days,0,6,13,20,28,35,40,49,56,63,70,77,84,91,98,104,112,119,126,133,140,147,154,161,168,175,182,189,196,203,210,217,231,238,245,252,259,266,273,280,287,294,301,308,315,322,329,336,343,350,356,364,371,379,385,393,399,406,412,420,427,434,442,450,455,463,469,476,483,491,497,505,511,518,525,533,540,546,554,560,567,574,581,589,596,603,610,616,624,630,637,645,651,658,666,673,680,687,692,702,707,715,722,730,737,744,752,758,764,770,778,784,793,801,808,813,820,828,835,850,866,871,878
day_of_year,109,115,122,129,137,144,149,158,165,172,179,186,193,200,207,213,221,228,235,242,249,256,263,270,277,284,291,298,305,312,319,326,340,347,354,361,3,10,17,24,31,38,45,52,59,66,73,80,87,94,100,108,115,123,129,137,143,150,156,164,171,178,186,194,199,207,213,220,227,235,241,249,255,262,269,277,284,290,298,304,311,318,325,333,340,347,354,360,3,9,16,24,30,37,45,52,59,66,71,81,86,94,101,109,116,123,131,137,143,149,157,163,172,180,187,192,199,207,214,229,245,250,257
Otu000001_dna,-4.844134182338453,-3.5385197970709643,-3.615379344614139,-1.5749865543327501,-2.8559229225564557,-2.5076431806750326,-4.910796443384502,-4.402601397234839,-2.4359454325702687,-2.206884152161741,0.6235484304003038,1.269983294505599,-2.4358147994103496,-1.0352353091740227,1.7053172538369183,2.360024463212985,1.115416698957142,2.7926938804768056,0.5686899115106016,1.5481827385534999,-0.3387902907924745,-1.0083567310755628,1.9200056669859344,3.646330586086203,3.2116078458289046,3.8387851937041604,2.6140178979524573,2.0256165785361997,2.1845837341774934,2.035905953873855,2.1444694926287777,2.9719472538264875,1.6715700370788824,1.2995660511477374,2.353905875892362,1.1320184588482827,1.5022219640688408,1.7300107753989795,0.9260098341486261,0.9506178169320656,0.0019099837573162794,-0.13700531796016702,-0.17199922871222378,-1.0119874267825686,-3.0306681932686486,-2.3226368623588747,-2.775201558009049,-2.174888178564353,-2.930546888332007,-3.613440131751907,-4.659292001860093,-4.701606882383207,-3.720218462522,-4.771582139392997,-5.891917268425058,-3.548170170750898,-5.350758744297832,-4.744900675953098,-5.552618917275108,-3.1441599176856623,-3.462729174050302,-2.339912116555149,-1.2738414937860743,-1.0729048501537934,-0.8240965408421258,0.7325609543316459,2.1786408937022834,2.4019928094244962,3.295143354841459,1.0708644272575167,3.182603987244375,5.320716435238685,4.288117127370237,4.466019200645519,4.491644405870295,4.413303563490748,3.984906540719604,3.734649197388411,3.339524073914663,2.602517455876472,2.755046101857953,3.0453629831402766,3.115582674415449,3.430808125094638,2.539827091037681,2.5187776108157274,1.9987243360323483,1.06580477290826,1.094786388330168,-0.7685051144576942,-1.2529673543227815,-2.5950717949479127,-3.759637857680219,-3.8676351965486533,-3.158685078290718,-3.238550159278862,-2.9146237585137773,-2.675274230201334,-3.656649156264479,-3.9909099134928057,-4.066624411584611,-3.891835555841018,-4.00566430024203,-6.08045018763181,-3.947454276282318,-4.03600011942397,-4.6407568584848695,-4.118468666080335,-5.192703048603245,-4.4220935260974485,-3.8846747327868596,-4.112805301826248,-3.967848785264289,0.12152786520648845,2.5528708690125805,3.2875620069653886,1.3328739382434756,2.27532279078892,1.944996864085244,2.714641641697007,2.1259670564351105,2.662542419881643,3.5986559663370277
Otu000001_rna,-1.5831109911101653,-0.18820209868278526,-0.18531942491326958,0.42939651063062567,-2.916425897974036,-2.045411413541724,-2.3598493288657862,-2.061672229410262,-2.276891686915508,1.106035699445795,4.143116817988352,4.396363305433446,2.405575628286685,3.4682549445412945,6.804348701284211,5.863692055140098,5.187657358644466,6.789320164899536,5.09994001605359,4.71117333929805,3.988939071237308,2.8443432075928037,4.621538850239886,6.198588905697322,5.962996329943804,6.462418057404424,5.510593701163339,5.3643621557307695,5.359656195021487,5.4184806063447954,5.900471085908104,5.6750783135163445,5.544777641225366,5.379566041781953,5.916836828304714,4.638191568136161,4.708492989064571,4.383818295313571,3.4967317453974336,3.244941992993473,2.463351363233136,1.4618695173021128,2.448763374907654,0.9798994737635767,-0.5150179806638593,0.31007110266546994,-1.1430583163015107,-0.48096210562572034,-0.4144560224025042,-1.331292096326903,-1.7808640859741862,-2.292493716035441,-0.9650683722840891,-1.9289151007726029,-2.5528321867136072,-1.676552971554813,-2.3656334654350015,-2.987742042080947,-2.158685195285249,-0.4592596215656355,-0.7207391665578914,0.7868458994447594,2.017068544050904,1.8924846847065355,2.6730168162038734,3.6920835410368116,4.960917617964347,4.766442327969251,5.291118065445863,3.6511697751989867,5.68498679632447,6.921797954433871,5.289487511388393,5.613253200317695,5.604904647218859,5.1181760010392345,6.026320526885136,5.564180184828667,4.837905888551446,5.419563649059053,4.866708233321524,5.643341502186587,5.700051748797012,5.628867374552825,4.689002017181823,4.73264815848812,4.345231654249027,3.548985252562679,3.29601131650697,2.051349019615185,0.6107403667330755,0.5196220330235644,-0.2114565532962945,-0.923878257205705,-0.5578632749132804,-1.312628575910919,-1.4284173667439017,-0.9253295011233501,-1.7743976249070452,-3.16871983717541,-3.2647430930957997,-3.1860527306519715,-3.7076409074660313,-3.7473641313501265,-3.1127093242524295,-2.8008701139186307,-3.0098348189557074,-3.0014137137622683,-1.8035278770126493,-1.9601192949320774,-0.6055671644520678,-1.006212809067368,-1.2144187464740333,2.9404368131267553,4.073501420063384,7.002990630752632,5.582286852036456,4.744571834917674,3.3831196846036624,4.679641242700423,4.3248804013476665,4.6514641912525825,4.541634533343499
Otu000001_rna_dna,3.261023191228288,3.350317698388179,3.430059919700869,2.004383064963376,-0.060502975417580096,0.4622317671333085,2.5509471145187157,2.3409291678245765,0.15905374565476071,3.312919851607536,3.519568387588048,3.1263800109278463,4.841390427697035,4.503490253715317,5.099031447447293,3.503667591927113,4.072240659687324,3.9966262844227303,4.5312501045429885,3.16299060074455,4.327729362029783,3.8526999386683665,2.701533183253951,2.5522583196111186,2.7513884841148997,2.6236328637002635,2.8965758032108817,3.3387455771945698,3.1750724608439937,3.3825746524709404,3.7560015932793265,2.703131059689857,3.873207604146484,4.0799999906342155,3.562930952412352,3.5061731092878787,3.2062710249957305,2.653807519914591,2.5707219112488073,2.2943241760614077,2.4614413794758194,1.5988748352622797,2.6207626036198777,1.9918869005461453,2.5156502126047893,2.632707965024345,1.6321432417075386,1.6939260729386325,2.516090865929503,2.2821480354250037,2.878427915885907,2.4091131663477663,2.755150090237911,2.8426670386203945,3.3390850817114504,1.871617199196085,2.9851252788628306,1.7571586338721512,3.393933721989859,2.684900296120027,2.7419900074924106,3.1267580159999087,3.290910037836978,2.965389534860329,3.497113357045999,2.9595225867051655,2.782276724262063,2.364449518544755,1.9959747106044041,2.58030534794147,2.502382809080095,1.6010815191951862,1.0013703840181565,1.147233999672176,1.1132602413485646,0.7048724375484863,2.041413986165532,1.8295309874402563,1.4983818146367827,2.817046193182581,2.111662131463571,2.5979785190463103,2.584469074381563,2.1980592494581868,2.1491749261441426,2.2138705476723923,2.3465073182166782,2.483180479654419,2.201224928176802,2.8198541340728793,1.863707721055857,3.114693827971477,3.5481813043839243,2.9437569393429484,2.6008218033774377,1.925921583367943,1.4862063917698756,1.749944729077984,1.8822515313574337,0.8221900763173955,0.8018813184888112,0.7057828251890466,0.29802339277599854,2.333086056281684,0.8347449520298884,1.2351300055053391,1.6309220395291621,1.1170549523180666,3.389175171590596,2.461974231165371,3.279107568334792,3.10659249275888,2.753430038790256,2.8189089479202667,1.5206305510508038,3.7154286237872434,4.24941291379298,2.469249044128754,1.4381228205184184,1.9649996010034156,2.198913344912556,1.9889217713709395,0.9429785670064716
Otu000002_dna,3.555963237201537,3.110464752953812,3.195529792969671,3.627166335018567,2.9309744588102515,2.6670931241016493,2.8170532809050877,2.7158777702017263,2.253006282378201,2.565316604608768,2.4310482601469214,2.0485551797667263,1.6510723061000119,2.0913318388936095,2.04242771246842,2.6023664611697215,2.1565615789430583,1.93159037609913,2.192774139461941,2.4601875695017337,1.8369771748115218,2.4486491225144738,2.773010303177006,2.6409925834454295,2.484585961993786,2.2439363255929545,2.472060454209612,2.3366415839223365,2.5448386686591538,3.254806884151172,2.5438704660496305,3.4389339394982055,2.0472757055352124,2.166952976031723,2.147267902018383,3.501493757655378,3.2223972154518474,2.849770207154478,3.0461525171248103,3.405671503570385,3.474929239948151,3.831158369196753,4.216678172830652,3.6467235261335524,4.438674953793988,3.992419707360123,3.5271121208322485,3.6864159113035577,3.355164673223608,3.1063778516506395,3.180233579844585,2.623146740520767,4.226399100722473,2.7443069458221285,2.875567606224401,2.9311072258140016,3.1155621167446483,2.4340261233538296,2.507921129263531,2.4731305256170955,2.2356541359281286,2.1014013470935073,1.8908067303996412,2.3109385168152103,2.341414569975896,2.01895716218555,1.8098746203983374,1.602800416158407,1.7856989365002436,2.1364325766320618,1.6325130321750032,4.21815671776864,2.552689426024002,2.334678659960528,2.363843951375371,3.0188256477102615,2.743159155090386,2.659531737068053,3.75356726167661,2.6145446998906525,2.4888857671359,2.574776093452226,2.4270862324028335,2.857370367548424,2.6821257802779246,3.008969817663484,3.2294332968493205,3.1097124901937057,2.884153511919603,2.9098763905331255,2.5312222795954797,3.2431885939368414,3.0097744716801733,3.3190136488521857,3.296198970185984,3.7859370981419858,3.8399189969260714,3.6773551661182324,3.4459873643138965,3.235379901423877,3.5360889073614343,3.339648771472076,3.397777583663294,3.1687262081295704,3.4974852562434897,4.249513189655772,3.304515143138791,2.9876902777809766,2.6730605556049154,2.191793921345821,1.9993437921722748,1.9844259284423706,3.1539909532709536,2.7188680786543755,2.2176244565710173,2.048098285820693,2.216495404488214,1.8398772857737,1.2459203617070211,2.0259727489617574,2.889336364936737,2.7780689671792937,2.3004523328718096
Otu000002_rna,4.154582697010791,3.7423256753259406,3.682484349046125,4.517599804830644,4.080916142549887,3.4745483781942545,3.324730338566203,3.2526360020119274,2.6553077948935138,2.791791053312809,3.0518761156121106,2.700893863885087,1.8365181153461536,2.5824871580615847,2.491542254626642,3.2180476562302545,2.537923366825515,2.0479379797780215,2.8673113231395564,2.9697092803697385,2.6562635209949947,3.0845440805148727,3.182738135373853,2.9723110023357355,2.8443313704267257,3.0901969524320925,2.943657707686302,3.000865054696003,3.8413658889159654,3.965596529457958,3.076539986715708,4.116787085296652,2.5325747952330198,2.7148100243453865,2.5402581983243495,4.18630264911683,3.9147681048968814,3.385901975210083,4.03381510225216,4.141182990581262,3.6752150305714353,4.559887965313029,4.63819344458378,4.646899518696255,5.047453005634688,4.466509794683366,3.93731031580942,4.017191347598164,3.854572307165433,3.9471438996673043,3.940030398785776,3.5799057239136007,4.441355735589799,3.5141683887351682,3.5213779646561862,3.558114367916767,3.9433980561026285,3.1117357490876136,3.044206042707681,3.2055691841844642,3.060402845953895,2.745063896174669,2.272381378298505,3.2513997107114267,2.751745981064087,3.0042768271081832,2.7384816212816316,2.0896854234887643,2.4156529823601742,2.6519310259099464,2.2343776142609193,2.4753383785201035,3.50920290070757,4.2525595330150585,2.9351197434556937,4.039311861143504,3.1661334171012876,3.2516654529198754,4.190843445754873,3.203733695621403,2.9008425753678804,3.070882253914852,3.295040956102749,3.3724082127160337,3.6243081919354485,3.5417980061590337,3.6826083301583474,3.6944605359706664,3.467808247210446,3.6275121431644135,3.860075399085985,3.5616350591415613,3.80397211713712,3.7476380257962294,3.721287317430437,3.8223015961675215,4.143805795432853,4.213053827508361,4.234918002974592,4.189876370538404,4.116612281264125,4.026077843723607,4.125364844761734,4.13931859335414,4.561124075727528,4.911515384673377,4.20307797580277,3.574942922612531,3.121912571020374,2.9814615494266454,3.0079022838542833,2.3354297806051427,3.9321176792157053,3.5342860846440503,2.885078240356682,2.777507283906537,2.757106771469359,2.1960082081170826,1.7568283781043996,3.009174427227755,3.502343342209462,3.4985550865479498,2.940388165758765
Otu000002_rna_dna,0.598619459809254,0.6318609223721285,0.4869545560764541,0.8904334698120766,1.1499416837396352,0.8074552540926052,0.5076770576611151,0.5367582318102011,0.4023015125153129,0.2264744487040411,0.6208278554651891,0.6523386841183605,0.18544580924614174,0.49115531916797517,0.4491145421582221,0.615681195060533,0.38136178788245667,0.11634760367889152,0.6745371836776153,0.5095217108680048,0.819286346183473,0.635894958000399,0.40972783219684716,0.331318418890306,0.3597454084329397,0.8462606268391379,0.4715972534766899,0.6642234707736665,1.2965272202568117,0.7107896453067859,0.5326695206660776,0.6778531457984465,0.48529908969780733,0.5478570483136633,0.3929902963059666,0.6848088914614521,0.692370889445034,0.536131768055605,0.98766258512735,0.7355114870108772,0.20028579062328422,0.7287295961162763,0.42151527175312786,1.0001759925627027,0.6087780518407007,0.47409008732324276,0.4101981949771716,0.33077543629460626,0.4994076339418254,0.8407660480166648,0.759796818941191,0.9567589833928336,0.21495663486732575,0.7698614429130397,0.6458103584317851,0.6270071421027654,0.8278359393579802,0.677709625733784,0.5362849134441499,0.7324386585673688,0.8247487100257662,0.6436625490811618,0.381574647898864,0.9404611938962164,0.4103314110881908,0.985319664922633,0.9286070008832943,0.4868850073303572,0.6299540458599306,0.5154984492778847,0.6018645820859161,-1.7428183392485361,0.9565134746835682,1.9178808730545307,0.5712757920803226,1.0204862134332422,0.4229742620109014,0.5921337158518223,0.4372761840782631,0.5891889957307503,0.41195680823198044,0.496106160462626,0.8679547236999157,0.5150378451676096,0.9421824116575239,0.5328281884955497,0.453175033309027,0.5847480457769607,0.583654735290843,0.717635752631288,1.328853119490505,0.31844646520471986,0.7941976454569466,0.42862437694404365,0.4250883472444529,0.03636449802553576,0.3038867985067819,0.5356986613901284,0.7889306386606951,0.9544964691145275,0.5805233739026905,0.6864290722515314,0.7275872610984395,0.9705923852245699,1.063638819484038,0.6620021950176049,0.8985628326639787,0.5872526448315543,0.4488520154154587,0.7896676280808244,1.0085584916820085,0.3510038521627721,0.7781267259447517,0.8154180059896747,0.6674537837856649,0.729408998085844,0.5406113669811448,0.3561309223433826,0.5109080163973785,0.9832016782659978,0.6130069772727249,0.720486119368656,0.6399358328869553
Otu000003_dna,2.837656780936968,2.8764680454002116,2.4863034653864537,1.7650125391252094,2.860282072098302,2.7834481407812643,2.276320676433697,1.9835561609993964,1.41420216913979,1.2828518239789855,1.2228684660233562,2.1536427324093466,2.749279900306912,3.390271107616841,3.397657164947314,3.3826969772040294,2.817583157596497,3.3294093721360274,3.5755620910553367,2.780798006744756,3.2552869845440635,2.9057832373024874,3.208019339009207,3.187198285651361,2.3507221098047917,2.7127645822140054,2.3319498165324952,2.5691948607657977,2.3285807777018013,2.4523033617321737,2.7629598837225045,1.8303672337403794,3.385187212210606,3.0673665401265455,2.980331739891523,1.4085079908677849,1.9409442939334878,2.7603530551472555,2.5438713824333985,2.76642654139279,2.7025252063720084,1.8209049750982569,2.1711070616874615,1.803920170176055,2.3621325651077187,2.480017128162849,2.0477645729666567,1.802241368465373,2.438658987742778,1.5923963820019642,1.5935748086791888,1.9792477964070074,1.7083959049738948,2.8126826789960617,2.713469933727095,2.4319806164568103,2.0888005648354873,2.5361408127729677,3.449835905775845,3.1332217524095642,2.676160188178408,2.4054151906316594,2.7055510731468773,3.119840581604161,3.5427513751587125,3.1293581303871707,3.0227215068842863,2.9407611298937857,3.004658589972104,3.5063090454326487,3.976458708801361,3.0256470352418763,3.056552764429232,2.7964343146378523,3.586948467172253,2.8858632451437636,2.5996135705039785,1.7397235903820196,1.6710548687132,1.9098296582202492,1.904750615391323,1.9616536686947827,1.6406313201434357,1.7582531558703443,1.6048928536405023,1.834632741614747,1.751089764709843,2.0847496588424983,2.1898080088675496,2.4037301329573957,2.782010475164142,2.614911005532224,2.7173345052094637,2.085608137739131,2.2091583509059287,1.827491172391692,2.195142159384189,2.7482062793007085,2.0674804597225918,2.2965355088816524,1.9163668383187487,1.9590599050570239,1.009958535365265,2.617229544632652,2.5766418614560096,0.7546117506943204,1.9160214976731729,3.4329570300005945,3.455342951231754,3.507167989903153,3.386681450204743,3.407971113236549,1.7530589389173752,3.1868095707181774,1.2251346609287759,2.8038747987289767,2.5366001030318435,2.6869098237926714,3.4036436131763623,3.6376125845041054,3.450565452418933,3.4676119361346363,3.2319922524998383
Otu000003_rna,1.1935455333489415,1.533730354702987,1.0990538048507044,0.20113785864964548,1.6386199008314872,1.6308892583653516,1.1569500625063927,0.6844499196413562,-0.16891383797073814,-0.4765749707551614,-0.27688331364150115,0.50026836763975,1.2215776921886394,1.922030079542737,2.0006241461166936,1.8968757578703677,1.6658593020211674,1.9873133579615867,1.7037505490381808,1.3440277068215836,1.5857772571933744,1.5786199611454343,1.880996637405385,1.362873089901635,0.8408177498891538,1.0916223751695453,1.023958035048255,1.018493650423643,0.2185948149747204,1.06882940092671,1.3843652229170897,0.7600216461057664,1.728021338285827,1.5891690632893578,1.402243361790211,-0.467657701040693,0.4218196385722702,1.3434773911704523,0.8113582529662534,0.8128866436608165,1.168818981861473,0.4936190464972468,0.5329256556988317,0.6567706523160481,0.7835708000369258,1.3982120914662841,1.0461980913855315,0.6927708135104973,1.3237192006914444,-0.1790270941664734,0.03287428997264404,0.492517526202897,0.7517280584705106,1.2032290282712648,0.88354165374927,0.9684390935802599,0.3424167356672089,1.934517308063882,1.6917707153527952,1.5014540701294266,0.9304909808579963,0.8897265626228029,1.1338777606030936,1.4510289352594827,1.9626575067628067,1.4219859407621733,1.4230884750871404,1.374473752744717,1.247262817868494,1.9696477289586654,2.5248907270799346,1.6483087433695935,1.2219895877613784,1.1852898461989485,2.055569367782145,0.8464589171665933,1.294331240199696,0.4072435852155665,0.07698315912193494,0.9664987810451054,0.758714555471051,0.913188515335268,0.3261359247819026,0.4953699856893339,-0.18924408886868693,0.16516456889476824,1.029808908706312,1.190608799940217,0.7451466989271719,0.9343875922788792,0.8683351468015313,1.611192039066261,1.0596249957227581,1.0804426540060228,1.3127901367844375,1.4191808421541916,1.3710788084158037,1.5325484762767312,1.4889299625319896,0.7945964626402867,1.2165963951720642,0.37877407479198577,-0.176390397555678,0.706983164903381,0.648490791441133,-0.9059264084553448,0.601083093688517,2.2391886452845693,1.9218111288132402,2.053775388611017,1.7747617846284036,2.2029609299943824,-0.3340600238259415,1.6827794065412849,0.9997860049724385,1.0782424130826431,-0.05899263521460607,1.37329317559507,2.258355540960715,2.10037877048747,2.1599563613696287,2.3601248915168123,2.0248223342425584
Otu000003_rna_dna,-1.6441112475880264,-1.3427376906972246,-1.3872496605357494,-1.5638746804755639,-1.221662171266815,-1.1525588824159128,-1.1193706139273045,-1.2991062413580403,-1.5831160071105281,-1.7594267947341469,-1.4997517796648574,-1.6533743647695966,-1.5277022081182727,-1.468241028074104,-1.3970330188306206,-1.4858212193336617,-1.1517238555753297,-1.3420960141744407,-1.871811542017156,-1.4367702999231726,-1.6695097273506891,-1.327163276157053,-1.327022701603822,-1.8243251957497262,-1.5099043599156379,-1.62114220704446,-1.3079917814842401,-1.5507012103421547,-2.1099859627270807,-1.3834739608054636,-1.3785946608054147,-1.070345587634613,-1.6571658739247792,-1.4781974768371877,-1.5780883781013118,-1.876165691908478,-1.5191246553612177,-1.4168756639768032,-1.732513129467145,-1.9535398977319738,-1.5337062245105355,-1.3272859286010101,-1.6381814059886297,-1.1471495178600069,-1.578561765070793,-1.0818050366965648,-1.0015664815811252,-1.1094705549548758,-1.1149397870513336,-1.7714234761684375,-1.5607005187065448,-1.4867302702041103,-0.9566678465033842,-1.609453650724797,-1.8299282799778251,-1.4635415228765503,-1.7463838291682783,-0.6016235047090857,-1.75806519042305,-1.6317676822801377,-1.7456692073204114,-1.5156886280088564,-1.5716733125437836,-1.668811646344678,-1.5800938683959058,-1.7073721896249974,-1.5996330317971459,-1.5662873771490686,-1.7573957721036102,-1.5366613164739833,-1.4515679817214266,-1.3773382918722827,-1.8345631766678534,-1.6111444684389038,-1.531379099390108,-2.03940432797717,-1.3052823303042824,-1.3324800051664532,-1.594071709591265,-0.9433308771751437,-1.146036059920272,-1.0484651533595146,-1.314495395361533,-1.2628831701810104,-1.7941369425091893,-1.6694681727199787,-0.7212808560035309,-0.8941408589022812,-1.4446613099403778,-1.4693425406785163,-1.9136753283626105,-1.0037189664659631,-1.6577095094867056,-1.005165483733108,-0.8963682141214913,-0.4083103302375004,-0.8240633509683855,-1.2156578030239773,-0.5785504971906021,-1.5019390462413655,-0.6997704431466845,-1.580285830265038,-1.186348932920943,-1.910246379729271,-1.9281510700148767,-1.6605381591496653,-1.314938403984656,-1.1937683847160252,-1.533531822418514,-1.453392601292136,-1.6119196655763395,-1.2050101832421665,-2.087118962743317,-1.5040301641768925,-0.22534865595633735,-1.7256323856463336,-2.5955927382464496,-1.3136166481976015,-1.1452880722156475,-1.5372338140166355,-1.2906090910493044,-1.107487044617824,-1.20716991825728
Otu000004_dna,2.7652323556157588,2.806063377772973,2.4681291845115467,1.2582267897234658,2.9221163227062372,2.7574792810153634,2.2012981182326694,1.6508314064231302,0.9579791897628068,1.985809503480382,2.262038214529486,2.4521991254702544,2.809368645147874,1.9607975204108836,2.4008275705891466,2.7485678390943344,2.482354761732694,2.338390216029053,2.422465940249716,1.6174271507284834,2.675468489291122,1.8774054491923027,2.3083763417347987,2.4448404806735393,2.0792103433482967,1.7564226298372894,2.495036766494279,2.5927746222613166,2.040648235618154,2.0705054200016773,2.6269786641872517,1.625292401783185,2.7243969020793135,2.5435836885780794,2.3451848903869172,1.4392009372671912,2.143312782672733,2.3998283061261803,2.2595788057997073,1.9943361584927255,2.095144847569488,1.5867668102829553,1.8827027067918563,1.3354116820012698,2.12838710594588,2.4366840034564747,2.177098159074243,2.283678533231863,2.8692448224310168,2.0249145375818385,2.238412941268542,3.0779437285865203,2.787805240199733,2.769835673314193,3.22488135914276,2.0201743330101984,1.897745328072778,2.1228135534918544,2.643817893959918,2.4958456504927837,2.7108966605989475,2.7832398449390983,3.4800152810513754,1.7859108913683088,1.9538198445054429,2.151028345253951,2.6414517692809207,2.7927483900745522,2.8189070767664774,2.382821168731575,2.840074326869667,2.2161716670427296,2.3909327530570774,2.3450347395706195,1.917305308058919,1.6784716340690422,2.324017127837159,2.603496287972728,1.7123688335845946,2.3017310565349227,1.7682125839015312,1.4293436941168784,1.1824563956157428,1.2295926644683193,0.9095550917007383,2.028217490687412,2.3118854937851143,2.1983686620496394,2.3612795496374384,2.8143103417323303,2.390086287585738,2.393503781083611,2.51059414448997,2.2541263515071868,1.7495482821874564,1.2083700471310304,1.6269898801829223,2.1632726833809963,2.03932513594391,2.4165199763572067,2.3842408772971733,1.8031201988989953,0.7807852329615722,1.7594691723807718,1.6834316134064586,3.0586495781972562,2.7799418002342593,3.303796351067669,2.688006809370589,2.4830333015309964,2.729715690607998,2.4478716947474513,1.9463910495857526,2.7787607967566625,1.4771629160656046,2.9736350844646666,2.671933644859885,3.1527419676098853,2.8288433250681173,2.7149408189617668,2.518165851645798,2.387551820507003,2.6652797952481477
Otu000004_rna,1.822063976703773,1.9128905172669954,1.602556544288388,0.3734378569825812,2.34626429093085,2.1643986861963973,1.4310025548778915,0.7662594122267785,0.10557415731800045,0.6183540724966519,1.2808713648407393,1.1610580218602204,1.736692777158088,0.9354500918426868,1.5727581013193626,1.7838972739327288,1.3332397943323766,1.4176602508535392,1.0676466744043878,0.7295822118755506,1.313156492558694,1.0848992137849804,1.3504914556929486,1.0412309194786729,1.0626784273904741,0.68191097617993,1.421916405492666,1.5706548982475412,0.5529640013991545,1.05827521324802,1.6122369154272453,1.3087813775277226,1.8029462372066547,1.714533636398139,1.4969085883312891,0.5308711290704342,0.9340236223083822,1.4369113978165493,1.2958306933319057,0.9849165144182235,1.2807926534110163,0.7517006491727368,0.8601385669072478,0.5706960435448052,1.1333470022845016,1.822791595597764,1.501088082821219,1.3524700600029025,1.9658949407449569,0.6434448824900268,0.9777383942908552,1.8127907862249937,1.697519454741364,1.6220276672488942,2.114559022271693,1.0090243736953384,0.46168015649402655,1.5421656594065976,1.4167496247709022,1.015075806011901,1.0696246290311888,1.5842694168217233,1.9828353724086616,0.46225262055522476,0.7064162738911139,1.092401376656383,1.3231162821770044,1.495459586305624,1.5335111983184262,1.4623469590361102,1.8008947838784877,1.3835821402141981,1.4429736441749783,1.508371558573261,0.9942883254793963,0.8345398249293828,1.547701167662698,1.851693866492531,1.129812804684568,1.6567715704337078,1.0659412239958022,0.6594549748979055,0.2962829616322216,0.36843927709616336,-0.28233451193469883,0.7331486065007076,1.5427265834445267,1.3339281989309026,1.0834725041977078,1.5367283248806431,1.077840299794398,1.3729169128831422,1.177774667496906,1.1751078805471014,1.1482407497362808,1.3027309622745162,1.3384733343812416,1.3970582191668754,0.9766540121883522,1.3868177246102715,1.3942466054667255,0.6181375699729591,-0.27365370298088487,0.18642036585953212,0.49142890140641626,1.5876570853583445,1.90684421708007,2.3047109343322734,1.7007480067291418,1.5606475207178496,1.4234971334179187,1.464513310810562,0.1081210998204949,1.321071278790221,1.304416057344308,1.445388656888671,0.19743689373307047,2.088497882316419,1.9137997649781706,1.3961898877569883,1.360695450503883,1.3961186866029907,1.660613908772774
Otu000004_rna_dna,-0.9431683789119858,-0.8931728605059774,-0.8655726402231587,-0.8847889327408847,-0.575852031775387,-0.5930805948189661,-0.7702955633547779,-0.8845719941963517,-0.8524050324448064,-1.3674554309837301,-0.9811668496887469,-1.291141103610034,-1.0726758679897859,-1.025347428568197,-0.8280694692697841,-0.9646705651616057,-1.1491149674003176,-0.9207299651755136,-1.3548192658453284,-0.8878449388529328,-1.3623119967324278,-0.7925062354073222,-0.9578848860418501,-1.4036095611948665,-1.0165319159578226,-1.0745116536573593,-1.073120361001613,-1.0221197240137754,-1.4876842342189995,-1.0122302067536573,-1.0147417487600063,-0.3165110242554623,-0.9214506648726588,-0.8290500521799404,-0.8482763020556281,-0.908329808196757,-1.209289160364351,-0.962916908309631,-0.9637481124678016,-1.009419644074502,-0.8143521941584715,-0.8350661611102185,-1.0225641398846084,-0.7647156384564646,-0.9950401036613785,-0.6138924078587107,-0.6760100762530241,-0.9312084732289607,-0.9033498816860599,-1.3814696550918115,-1.260674546977687,-1.2651529423615266,-1.0902857854583692,-1.1478080060652986,-1.110322336871067,-1.01114995931486,-1.4360651715787516,-0.5806478940852569,-1.2270682691890158,-1.4807698444808828,-1.6412720315677587,-1.198970428117375,-1.4971799086427138,-1.323658270813084,-1.247403570614329,-1.058626968597568,-1.3183354871039163,-1.2972888037689283,-1.2853958784480513,-0.9204742096954646,-1.0391795429911792,-0.8325895268285315,-0.9479591088820991,-0.8366631809973584,-0.9230169825795228,-0.8439318091396594,-0.7763159601744611,-0.751802421480197,-0.5825560289000267,-0.6449594861012149,-0.7022713599057291,-0.769888719218973,-0.8861734339835212,-0.861153387372156,-1.1918896036354372,-1.2950688841867046,-0.7691589103405876,-0.8644404631187368,-1.2778070454397306,-1.2775820168516872,-1.31224598779134,-1.0205868682004688,-1.332819476993064,-1.0790184709600854,-0.6013075324511756,0.09436091514348588,-0.28851654580168073,-0.7662144642141209,-1.062671123755558,-1.0297022517469352,-0.9899942718304477,-1.1849826289260363,-1.054438935942457,-1.5730488065212398,-1.1920027120000425,-1.4709924928389118,-0.8730975831541894,-0.9990854167353955,-0.987258802641447,-0.9223857808131468,-1.3062185571900793,-0.9833583839368893,-1.8382699497652577,-1.4576895179664415,-0.17274685872129658,-1.5282464275759957,-2.4744967511268148,-1.0642440852934665,-0.9150435600899467,-1.3187509312047785,-1.157470401141915,-0.9914331339040123,-1.0046658864753737
Otu000008_dna,1.994806780643324,2.0188229326790488,0.5373708404768357,1.2232534876858094,2.83738825223245,2.0973269853103917,1.8601567941049897,2.307747693249083,2.9649677618406236,2.617965075367387,1.3146464299153136,1.6993383188751983,1.4490970083564654,1.8037376746657,1.6997814548046668,1.406614489988643,0.717538285184674,1.802220725986371,1.5066031073979222,1.1294220879640908,2.0351696583574332,1.1164000068163156,1.5648703692327948,1.7093699526775867,1.0311125223710134,0.7812777601197971,1.2538476745485954,2.0290668407283525,1.9199174729065298,2.052259909515656,2.140385353809029,1.2366121400284613,1.5862407462722374,1.5628040596638253,1.4835758663220753,2.440906474219209,2.704454123916993,2.1877061216529214,1.896971834427099,1.7604205101966046,2.06513893745933,1.2351044081677671,0.8619074404805543,1.1280787367137022,1.4781913125815342,1.4539481721741672,1.4169752534500863,1.7371348268637932,1.8117060689711946,1.2540943187036753,1.2991326911696885,2.175895353427909,2.2129105075730187,1.5871263030029514,1.2317555167795486,0.9423371069170534,2.249643590202568,2.4903581696674912,2.144502400007516,2.687303535916886,2.5842792363488214,2.128604926094235,2.2651736136812888,1.2199556929482576,1.4231384570687549,1.1128974057685366,0.8871966955113203,0.9292469294988628,1.2986467188671686,1.8834516446814749,2.095211563030459,-0.005652069306857325,1.0302781056058916,0.759142299202109,-0.24287799759695125,-0.287423807366528,-0.6018436682281273,1.4959313880325043,0.9031235377331851,1.2955468570095352,0.8254282649540743,-0.14974506824590833,-0.1535761307232596,-0.41649856561381654,-0.4254459750316018,-0.5859221109648962,-0.4297410028507002,0.24297976903978205,1.0619965655071772,1.7797526429105894,0.9137025546914653,1.285554356419561,1.6137869813546228,1.6994362325656458,1.0637594865586981,0.6680033703447485,0.8342609305897308,1.1492177827409495,0.2653241800168352,0.7797747109728589,1.7028677730996242,0.6753495169620176,0.5919776193252698,3.956387491101074,-0.19902029141179078,1.1513856864167857,0.46760992410472135,0.9668804771951444,0.908176284490604,0.7319203508441541,2.0681356073395807,1.2756954887797674,1.1785880499910282,2.296232138231529,0.8972373792625986,1.7327736449466866,1.913004756276328,1.6160371130450422,2.289685754833592,1.7138661245029019,1.9093257775458468,1.445841827329679,0.7982838129498447
Otu000008_rna,1.9371568418995484,1.4359135589085932,-0.154782701053188,0.4018085541117967,1.379346648652125,1.0941506046067506,0.7921322611723846,1.763067991780015,2.0705979855407306,2.269941511174845,0.6169345623805954,0.7891289906109751,0.7042176227678336,0.5061320385849384,1.0743378744108596,0.6734505276176161,-0.14057394480407076,1.1231210086756211,0.7914229480512383,0.17598691172171096,1.278543703299688,-0.1736344616888682,1.0229748136552057,1.374687573315398,0.41102054112145864,0.5206428285838077,1.1417410707046387,1.4550701488138553,1.8953248069635749,1.8724421543733833,1.335811997500099,1.088990721223824,1.939657282748557,0.9558403779403226,1.3734643972401674,1.3187967159576688,2.182052854153551,1.8256489579286448,1.1112967462550103,1.3690836248474536,1.2765463625295654,0.8536217805286539,1.0251460916337878,0.7548885082745715,1.509507803419862,0.8516683850982142,0.535372467619541,0.6593228794429573,1.5486959330873151,0.9946403606641336,0.9903347819765408,1.6785526298421658,1.5198382775039112,1.1119376080618575,0.49638234172954504,0.9137141938910133,1.7776996539737482,1.7861155094252954,1.5685785018370026,2.103574228443082,2.0857859742532003,2.3290585060310725,2.119781326786289,1.0038069190424663,1.612903005668648,0.7047938859482251,0.9355966628871734,0.5733379341206759,0.577712768068759,0.4473977316027457,1.268420045392188,0.4592061015231089,1.0203768291113262,-0.39741752700974,-1.4695649151107717,-0.7099100271372787,-1.4625091250719462,0.8821006867477307,0.43606484309123233,0.7802660263513673,0.14965049212164708,-0.9284187596203544,-1.0030000224980393,-0.3787751247340577,-0.4993990171725265,-1.0839286707116373,-1.177942081616895,-0.11086236887059657,0.795790431745927,1.3398527003870435,0.8997102693692852,1.1806808990320092,1.34234427883241,1.0094213842576787,0.1646977908529583,0.4372837833816353,-0.006404923021931927,-0.0010705996000180621,0.2585239011378979,0.1949396251676803,0.3089235489172987,-0.3143731057679595,0.14604652094915138,2.810975505374868,-0.6488560836622613,1.122393822670884,-0.7602422561021721,-0.05555327024845065,0.045390006055354266,-0.4056110445289115,0.587902917674719,0.6128339624733691,1.0073390173860584,2.0124967946494303,1.4718536184390254,1.2908038550663161,0.7010940280204487,1.3104811118353188,1.6499241108242912,1.430387472590545,1.4850351049877,0.8624783850708287,-0.16159132698944526
Otu000008_rna_dna,-0.057649938743775664,-0.5829093737704556,-0.6921535415300237,-0.8214449335740127,-1.4580416035803248,-1.0031763807036411,-1.068024532932605,-0.5446797014690681,-0.894369776299893,-0.348023564192542,-0.6977118675347181,-0.9102093282642232,-0.7448793855886318,-1.2976056360807615,-0.6254435803938072,-0.7331639623710269,-0.8581122299887447,-0.6790997173107498,-0.715180159346684,-0.9534351762423798,-0.7566259550577452,-1.2900344685051839,-0.5418955555775891,-0.3346823793621887,-0.6200919812495547,-0.2606349315359894,-0.11210660384395665,-0.5739966919144972,-0.02459266594295495,-0.1798177551422726,-0.8045733563089299,-0.14762141880463742,0.35341653647631954,-0.6069636817235027,-0.11011146908190783,-1.12210975826154,-0.5224012697634417,-0.36205716372427665,-0.7856750881720886,-0.391336885349151,-0.7885925749297644,-0.3814826276391132,0.16323865115323344,-0.37319022843913063,0.03131649083832766,-0.602279787075953,-0.8816027858305453,-1.0778119474208359,-0.26301013588387945,-0.25945395803954163,-0.30879790919314776,-0.49734272358574305,-0.6930722300691075,-0.47518869494109395,-0.7353731750500037,-0.028622913026040142,-0.4719439362288198,-0.7042426602421958,-0.5759238981705135,-0.5837293074738041,-0.49849326209562106,0.20045357993683766,-0.14539228689499994,-0.21614877390579124,0.1897645485998931,-0.40810351982031146,0.04839996737585306,-0.3559089953781869,-0.7209339507984096,-1.436053913078729,-0.8267915176382712,0.4648581708299662,-0.009901276494565403,-1.1565598262118488,-1.2266869175138204,-0.4224862197707507,-0.8606654568438189,-0.6138307012847736,-0.46705869464195277,-0.5152808306581679,-0.6757777728324272,-0.7786736913744461,-0.8494238917747797,0.03772344087975882,-0.07395304214092469,-0.49800655974674113,-0.7482010787661948,-0.3538421379103786,-0.26620613376125024,-0.4398999425235459,-0.013992285322180109,-0.10487345738755183,-0.2714427025222128,-0.6900148483079671,-0.8990616957057398,-0.23071958696311323,-0.8406658536116628,-1.1502883823409675,-0.006800278878937305,-0.5848350858051786,-1.3939442241823254,-0.9897226227299771,-0.44593109837611844,-1.1454119857262057,-0.44983579225047055,-0.02899186374590168,-1.2278521802068934,-1.022433747443595,-0.8627862784352497,-1.1375313953730655,-1.4802326896648617,-0.6628615263063983,-0.17124903260496982,-0.28373534358209884,0.5746162391764268,-0.4419697898803705,-1.2119107282558792,-0.30555600120972337,-0.6397616440093008,-0.2834786519123569,-0.4242906725581468,-0.5833634422588502,-0.95987513993929
Otu000009_dna,1.4935761132177219,1.7480623132586515,1.3284346315086732,0.3114018957632064,2.0144919907644803,2.133666051928932,1.6987453110935125,1.6605191387795786,2.5743999644374225,2.1533455097518406,1.3700083592479801,1.2495621644421229,1.5319734141881733,1.6198678031138443,1.4394769233001863,1.237076372820363,0.5640389438810615,0.712041831446636,0.8471078930025843,1.39340293004868,2.2803250289910104,1.2070965682871277,1.3472062836832106,1.343847643355283,0.9695303212417248,0.6542034842381865,1.0758390042674428,1.2812569476002278,1.2314699908172886,1.3626138266238896,2.2131770167033205,1.3915134297614815,2.1632317184349614,1.744529964697887,1.44050531944044,0.28357839388230194,0.9767975408816975,1.1383922563773832,0.6960454909493279,0.5965474179470996,0.6979768744205965,0.1954346551331076,0.8804510181927234,0.19198537754336742,0.9100306121361638,1.0729894742538253,0.7896252474349084,0.8910483536628867,1.312438697906382,0.3999353679365263,0.5501941509813277,0.8459115697983286,0.40422413085738035,1.381150555311107,2.354516517735306,1.4158392820053023,1.4438278365786668,1.7339929171144783,2.152193005657485,2.4740387319720947,2.1498372923342375,2.0884666477607343,2.0579947600785786,1.2952263207381234,1.2083161052366171,0.5053851394894977,1.1712936168758994,0.8222266624226721,0.6434115843294724,1.3189675134286394,2.028992744574187,0.8014393706023057,1.2773996556267617,1.7364275437791061,0.3845178054002136,0.019101352886732665,0.5772315844760817,0.8888958992912913,0.5089579848789543,1.6133315368692276,1.6175809692894685,1.459692844188192,1.0006501699334245,0.8343578246109699,0.5300654699958347,0.9840933873033723,1.184563099234573,1.3702376557848563,1.241226929731459,1.5652351463161471,1.3481779292702283,1.549504892760521,1.7184979354436536,1.3863819111028035,1.2792491883214592,0.9538556161194532,1.4042668797966185,1.8750877192917623,1.3803034461491503,1.875243331538001,1.6755771729755349,1.3383002982909462,-0.8810991548450706,0.9495227240745759,0.4173799578511912,-0.28355918382028844,1.1546928046971552,2.4520322523195497,2.102353367859385,2.003585542404683,1.8361833426595962,2.193698061300199,1.3208772768819599,1.7338842704355022,0.6169616508424932,1.39087827900209,1.3377939973689252,1.9407710156685751,1.866014682228855,1.6916429877181915,1.6219709837747813,1.5847487269695653,1.5026594968399625
Otu000009_rna,0.3658999356233964,0.7052619828901936,0.22786772928880505,-1.0056880146586968,1.1998975709668402,1.205447457179527,0.5499405148874804,0.5942988226470588,1.9047566072171758,0.5871210528067203,0.0959565671505866,-0.3237184138790065,0.15496703565065664,0.4890376052256383,0.06729277926824055,-0.23100574660953602,-0.750783073762022,-0.47718442019520657,-0.9346164112020573,0.2872125468319353,0.6323045488557864,0.007264619758543525,0.11535465633218418,-0.38082410552031576,-0.2340404527708489,-0.7172315274178096,-0.09898635427938517,0.16300741265708146,-0.7687918385831649,0.06050395893070096,1.0563876102872995,0.9095937539386973,0.769071494455358,0.34323205986438965,0.1911530896954109,-0.9998745147880014,-0.6036703852668769,-0.10886866284557355,-0.3053540773454743,-0.5365526250699197,-0.62769109012518,-0.5249505344973264,-0.35833532810948815,-0.8268978728290189,-0.19171827259918514,0.4484734255245891,0.10287868712345738,-0.013621593799468557,0.13892921578228232,-1.151598661939218,-1.2054999410706244,-0.514157267139527,-0.49506474303835346,0.060012433366401115,1.2706968617646863,-0.24943661591466743,-0.05309804158778742,1.0047082124598137,0.742099151683376,0.8977643572541419,0.6239047537670629,0.9008377880478738,0.5455095312763251,-0.3224293695861676,-0.2663157688879929,-0.4530612362827454,-0.0964353006993687,-0.11397832612847618,-0.7024750870565839,0.46662909353063337,0.8944158097820274,0.6032904711835613,0.17809308139154773,-0.15927814251943798,-0.658634698894443,-1.0241591269737815,-0.4358703360289258,0.016637591511151944,-0.07917757163334757,0.8471358527800247,0.8100078498586017,0.5034861127515885,0.0956122661700703,-0.5706661325441631,-1.105534820742842,-0.32864970904468593,0.5311256717660467,0.20649547172730098,-0.13292282012678533,0.4189215889563863,0.047897728627554925,0.44308195590122995,0.265873116041514,0.13293690278394327,0.46319077940895476,0.5629495652002073,0.802574073063135,0.902440405627738,0.5028696601027107,0.7123012199134565,0.5613374825316215,-0.0056867605456465365,-1.5675747439697603,-0.5086856791857463,-0.8548601250997752,-1.858826885942061,0.20386635012247575,1.532637790681382,0.9296930624361122,1.0827597570476155,0.6006419434521487,1.2069756192578653,-0.4100459308038635,0.2389506917273941,-0.10258993134497514,-0.3308666258034189,-0.7598618618684617,0.8073281599809885,0.9762490336771661,0.35720028228824546,0.3643171588559846,0.5266469687214651,0.42529887886563666
Otu000009_rna_dna,-1.1276761775943256,-1.0428003303684579,-1.1005669022198683,-1.3170899104219034,-0.81459441979764,-0.928218594749405,-1.148804796206032,-1.0662203161325197,-0.6696433572202467,-1.5662244569451202,-1.2740517920973935,-1.5732805783211294,-1.3770063785375166,-1.1308301978882058,-1.3721841440319458,-1.4680821194298992,-1.3148220176430834,-1.1892262516418426,-1.7817243042046416,-1.1061903832167448,-1.648020480135224,-1.1998319485285842,-1.2318516273510265,-1.7246717488755987,-1.2035707740125736,-1.3714350116559961,-1.174825358546828,-1.1182495349431463,-2.0002618294004533,-1.3021098676931886,-1.156789406416021,-0.48191967582278417,-1.3941602239796034,-1.4012979048334973,-1.2493522297450292,-1.2834529086703033,-1.5804679261485743,-1.2472609192229567,-1.0013995682948023,-1.1331000430170195,-1.3256679645457765,-0.7203851896304341,-1.2387863463022115,-1.0188832503723864,-1.101748884735349,-0.6245160487292363,-0.686746560311451,-0.9046699474623553,-1.1735094821240997,-1.5515340298757443,-1.7556940920519521,-1.3600688369378555,-0.8992888738957339,-1.3211381219447058,-1.0838196559706197,-1.6652758979199698,-1.4969258781664543,-0.7292847046546647,-1.410093853974109,-1.5762743747179528,-1.5259325385671745,-1.1876288597128606,-1.5124852288022534,-1.617655690324291,-1.47463187412461,-0.9584463757722431,-1.2677289175752682,-0.9362049885511482,-1.3458866713860562,-0.852338419898006,-1.1345769347921595,-0.19814889941874447,-1.099306574235214,-1.8957056862985442,-1.0431525042946566,-1.0432604798605143,-1.0131019205050076,-0.8722583077801394,-0.5881355565123019,-0.7661956840892029,-0.8075731194308667,-0.9562067314366035,-0.9050379037633541,-1.4050239571551328,-1.6356002907386766,-1.3127430963480582,-0.6534374274685263,-1.1637421840575555,-1.3741497498582445,-1.1463135573597607,-1.3002802006426735,-1.106422936859291,-1.4526248194021396,-1.2534450083188602,-0.8160584089125045,-0.3909060509192459,-0.6016928067334835,-0.9726473136640243,-0.8774337860464396,-1.1629421116245444,-1.1142396904439134,-1.3439870588365928,-0.6864755891246896,-1.4582084032603222,-1.2722400829509664,-1.5752677021217725,-0.9508264545746794,-0.9193944616381677,-1.172660305423273,-0.9208257853570676,-1.2355413992074475,-0.9867224420423337,-1.7309232076858234,-1.4949335787081082,-0.7195515821874684,-1.721744904805509,-2.097655859237387,-1.1334428556875866,-0.8897656485516889,-1.3344427054299461,-1.2576538249187967,-1.0581017582481,-1.0773606179743258
Otu000014_dna,0.5005895570237392,0.6621847811420463,0.607320192189744,-0.07842798997050351,1.1671941303772768,1.370823041224271,1.3413826565163012,2.6314088654010446,0.6957609000419439,0.053331169793291104,0.24633949074253286,0.18788081480130167,0.490063646942725,1.1213157076632916,1.5719360677466623,2.03535309548358,1.4691461326661175,1.4552703319396332,1.7312428650402008,0.8761937835009004,1.8378996841020372,1.0602648964751238,0.9897503947614069,1.1204486968155758,1.105603269649026,0.6676626376121912,0.47672077335577395,0.5750908687584994,0.17292922759105994,0.45761774131750227,1.5837832317989826,0.5181808447742107,1.527400246249304,1.0900176816535687,0.6955330710159088,-0.5557512968557248,0.23338852554086398,0.4163770918165857,0.470998989489032,0.10669491756138799,0.0913550441092432,-0.4678595622771566,-0.2025359525723055,-0.6636807325143529,-0.22455677899022378,0.04448675177274223,-0.4238263008455714,-0.6409578186383977,0.3216149141696603,-0.704719235187546,-0.548418137686782,0.5600464997932376,0.3169676858601522,0.9355281253558786,1.505644267098994,0.1694586966490241,-0.08806855539294657,0.11684783743544,0.7895025014460424,2.6526574229377284,2.2735949536795084,2.3976808932766347,2.2702505246905775,0.9970835488822873,0.6809300729014803,0.029302464167380086,0.7109913657348019,1.1589361751157066,0.549885526318649,1.001871555770565,1.2535296114426904,0.5290247702813132,0.5305482960949554,0.5768207424081545,-0.2248594920942729,-0.077409547494111,-0.0031873310891043292,0.21535719011972224,0.2616483677175608,0.5554753426916942,0.3830926210375823,0.2849447965207507,-0.037974121013236294,-0.11886616230886754,-0.5124573520212314,-0.20025963015291148,0.4105638220455329,0.49940929798745864,0.27575896188122007,0.7256782086733814,0.428791219690945,0.7273447088611282,0.7085664732347149,0.5350107253279641,-0.17300314059022867,-0.6597116896566583,-0.7173991811775582,-0.8599842635630848,-1.0057573690022175,-0.5971475103181686,-0.5220484470771085,-0.8870534467671094,-1.1798310634834366,3.224654760788795,1.082389291452205,2.538901368459666,2.1883880199153563,2.365750105330115,2.0693994673084464,1.859238204367651,2.7194949019082837,2.973932632684328,0.4618851764401922,0.8958412588948006,0.29035791536203415,0.9238835996866972,0.623567301017926,1.3617316556150199,1.5160662210510736,1.5710470106851935,0.7804736036880189,0.691911483534021,0.5755918308462888
Otu000014_rna,-0.6242606448172143,-0.5387811523121794,-0.6024805727846254,-1.3421602512799098,0.3068845239620309,0.6605532810694642,0.3733716105829756,1.7036844561749074,-0.16891383797073814,-1.1771022586127293,-1.0712842279066195,-1.1927562609026159,-0.8159092098447903,-0.023880069512576468,0.34870523870642595,0.8870246279156753,0.11442916342468887,0.5177494389980617,-0.09354910056548967,-0.12201904407170601,0.1692016979590113,-0.04947520889320864,-0.02746952386779786,-0.44084211524656874,-0.02317858630250939,-0.6187914546045572,-0.8272248546506007,-0.7824824739093358,-2.0084827255111803,-0.8486182834648416,0.723854971670167,0.1123368396225785,0.4102620779879931,-0.3033951050606628,-0.45547407522964134,-1.971735097816967,-0.9173279441219185,-0.6817884164073591,-0.9582273587674796,-0.99608495444836,-1.3498258075583776,-1.4804619795247629,-1.3206111732254666,-1.8384987845074987,-1.5615739073759158,-0.8530797071402109,-0.9489023018605532,-1.286587269612356,-1.0989451402193349,-2.0323444563939614,-2.032178514255092,-0.886396727619371,-0.6050656382526819,-0.5048804116698653,0.2373478113312687,-1.3888708991030323,-1.7918330425076219,-0.5618337330549024,-0.5150559181028692,1.0748861859535261,0.5895142321156789,1.149078128448358,0.8026244398576726,-0.4671257460742981,-0.5222491430251937,-0.909078623553741,-0.6169697385923203,0.07606527675938879,-0.669468790588414,0.08376381733970995,-0.008189469006873364,-0.37222809489092723,-0.5085110005794615,-0.7608833569154906,-1.703179766292277,-1.6150274584133084,-0.7904153537098332,-0.7987272217730427,-0.8896048962122234,-0.29781165987503455,-0.451123368307283,-0.5545589909275213,-0.6352752423727218,-1.882852521510332,-2.609612217519116,-1.4152858066660798,-0.19711282860516866,-0.17299414997760285,-0.6542197437600713,-0.5696898044973947,-0.884356854235614,-0.4932955345396624,-0.6838158962344889,-0.5849028903663734,-0.9558934045339267,-1.0290532854117918,-1.465458638424251,-1.7928300688280732,-1.6873862479174153,-1.5805593231885944,-1.5981467668217508,-2.338754870264768,-2.1321045467076125,1.5524521113216458,-0.016001133358436198,0.8228909408159127,0.8525912453330665,1.4013425164261917,0.9593632397891467,0.863412444838237,1.4231700688197457,1.993992205471492,-1.0823590244609669,-0.7815731599692789,-0.6565655464041368,-0.5349619821469341,-1.2376476315562521,0.2961486165510663,0.4979466016167355,0.17655096668665282,-0.6531317227049185,-0.5497914624523227,-0.43857811032447824
Otu000014_rna_dna,-1.1248502018409536,-1.2009659334542255,-1.2098007649743694,-1.2637322613094062,-0.8603096064152459,-0.7102697601548068,-0.9680110459333255,-0.9277244092261372,-0.864674738012682,-1.2304334284060203,-1.3176237186491524,-1.3806370757039175,-1.3059728567875153,-1.145195777175868,-1.2232308290402363,-1.1483284675679046,-1.3547169692414287,-0.9375208929415715,-1.8247919656056903,-0.9982128275726064,-1.6686979861430258,-1.1097401053683325,-1.0172199186292048,-1.5612908120621445,-1.1287818559515355,-1.2864540922167484,-1.3039456280063746,-1.3575733426678351,-2.1814119531022405,-1.306236024782344,-0.8599282601288156,-0.40584400515163216,-1.1171381682613108,-1.3934127867142316,-1.1510071462455502,-1.4159838009612422,-1.1507164696627825,-1.0981655082239448,-1.4292263482565115,-1.102779872009748,-1.4411808516676208,-1.0126024172476062,-1.1180752206531612,-1.174818051993146,-1.337017128385692,-0.8975664589129531,-0.5250760010149819,-0.6456294509739582,-1.4205600543889951,-1.3276252212064155,-1.4837603765683098,-1.4464432274126087,-0.9220333241128341,-1.440408537025744,-1.2682964557677252,-1.5583295957520564,-1.7037644871146753,-0.6786815704903424,-1.3045584195489117,-1.5777712369842023,-1.6840807215638294,-1.2486027648282767,-1.4676260848329048,-1.4642092949565855,-1.2031792159266739,-0.9383810877211212,-1.3279611043271222,-1.0828708983563178,-1.2193543169070629,-0.9181077384308551,-1.2617190804495637,-0.9012528651722405,-1.039059296674417,-1.337704099323645,-1.4783202741980042,-1.5376179109191974,-0.7872280226207289,-1.014084411892765,-1.151253263929784,-0.8532870025667287,-0.8342159893448653,-0.839503787448272,-0.5973011213594855,-1.7639863592014644,-2.0971548654978847,-1.2150261765131685,-0.6076766506507015,-0.6724034479650615,-0.9299787056412914,-1.295368013170776,-1.313148073926559,-1.2206402434007906,-1.3923823694692037,-1.1199136156943377,-0.782890263943698,-0.3693415957551335,-0.7480594572466928,-0.9328458052649884,-0.6816288789151979,-0.9834118128704258,-1.0760983197446423,-1.4517014234976586,-0.9522734832241759,-1.6722026494671494,-1.0983904248106413,-1.7160104276437531,-1.3357967745822896,-0.9644075889039234,-1.1100362275192996,-0.995825759529414,-1.296324833088538,-0.979940427212836,-1.5442442009011592,-1.6774144188640796,-0.9469234617661709,-1.4588455818336312,-1.8612149325741782,-1.0655830390639536,-1.018119619434338,-1.3944960439985405,-1.4336053263929374,-1.2417029459863436,-1.014169941170767
Otu000016_dna,0.8101078467576117,0.7869364861145232,0.14985710350188397,-0.9791177814021789,0.05506812254244424,1.3991662577002262,1.4196881124234915,-0.484880370692055,-1.6796193503887917,-1.2060596369285275,0.09169117467708747,0.9763381751655718,0.7684976612699548,1.3773089279957884,0.9075103284957575,0.6877995626801198,1.1279429587763221,0.8185644622846399,1.3667876876570457,0.7697379774816593,1.7940764175609418,1.2849135906439353,1.1516832150307201,1.3356424691160977,0.6419758575425665,1.3714482163771924,0.33706566288072226,1.821398036910996,1.5600340709922476,1.5292309438341776,2.5144647412108805,1.3448594179586786,2.0999194390206344,1.682041641031203,1.420096447809233,-0.022946766370958917,0.6003199696467852,1.1860203053666378,0.9616219059375032,0.6981436320700215,0.9355924583433406,0.28244603212273733,0.31754899660648206,0.24077554171279938,0.3795790239134247,0.5860840342054866,0.32338810098464965,0.20634004174880602,-0.23800087376576243,-1.667529982696594,-0.6890000883079713,0.1857301953685545,1.0115843743994575,1.81113528059359,1.4272851903427903,0.8766764611059117,1.3862082137040233,1.3559786571407504,1.5231899467032777,0.822080673647281,1.1439782912566756,1.0218827172409775,1.302932991615278,1.522189356040349,0.7254643335130324,1.0519288458575675,0.7793336191116197,0.9942517598078587,0.8277153023274182,1.4339862073108731,1.1174590722994915,0.4771997024167272,0.7197427321766722,0.7239386640091293,0.70208853425387,0.4663479950098521,0.933906528414814,0.4659521939091672,0.7652537435100644,0.9018962323151338,1.726214810292264,1.5429605676389784,2.0971995388395195,1.4542774439324628,1.086011529042295,1.447299490101053,1.3456246566016783,1.1416808078869505,1.2350157296388184,1.6588707513501397,1.43260999092737,1.7835399246258996,1.967861143593298,1.5342911526184035,1.1426736533157085,1.0993345821650942,1.0635811537956696,1.2499940019768327,0.7741676425788346,0.35865091993149867,0.523432136593432,0.2584882741229837,-2.059754151186717,-0.8930643817910554,-0.7249486833635381,-2.857345123082323,-0.2537426822999488,0.2714810434308738,0.9573665286813755,1.0903266471126483,1.2146834358141991,-0.2261001043823924,0.8043754853869683,1.9934906201895168,-0.13828703852512356,1.2110911762814143,1.2757880538686537,0.3203609858457744,1.820197456699493,1.1892434100751874,1.2359491323708447,1.2769990914669749,1.2760485744549472
Otu000016_rna,0.12951115755916595,0.4971325421403664,0.16980392833404379,-1.1937402461616367,0.29352129614986383,1.1049178687913663,1.0540126156376912,-0.6351530669798621,-2.568088701474734,-0.9005934867590736,-0.40303459896840116,0.6770715816952577,0.556640156549804,1.3141475506374798,0.4388563357007235,0.24083443044350103,0.6262851839845759,0.4391063116789484,0.7384538147860763,0.6543587906379631,1.1834469478905816,0.7180489418045957,0.8644604905401742,0.5641767322362706,-0.09000108254791116,0.9393531634419927,0.4226184037414326,1.6154127988890346,0.9311600813917673,1.2059632208955993,1.6272184690428624,0.9620128224147495,1.6167957031756026,0.9686610663693841,0.4608166566445136,-0.33412630841617047,-0.3960310204886324,0.3212532418754509,-0.21378688381998373,-0.3454973883072105,0.06545609043476534,-0.572203419347872,-0.38106357918704425,-0.9735013470208942,-0.5304028995033387,-0.6299361558260013,-0.7863833723627783,-0.5934400890524107,-0.2995757464040823,-2.0165960994258225,-1.2308177490549144,-0.2802609240490555,0.4044188705194203,0.6709215156893743,0.9109728407999833,0.6748222856086644,0.7806716665983641,1.191441400078183,1.2121027809291116,0.8167782532842222,0.7234687857592814,0.7899370920144322,0.7821738293863816,0.8590116982093873,0.799506696957126,0.6778864330283007,0.437313962968559,0.5733379341206759,0.4072607868301881,0.7282604887824716,1.226943268112224,0.5372598896604753,0.26199971659397175,-0.22711844220324662,0.006341604698805983,-0.7212095823912121,0.3767168813950326,-0.08577741391691757,-0.43556511795550185,0.06615371732637716,1.1758077015743347,1.5675377263542307,1.9177692125824966,0.9955430453391173,0.011426606593464205,0.27639020400499265,0.5566589737712114,0.5640472241395678,0.5602243604331599,0.6089651918442512,0.4457927778751741,1.0897091208262824,0.16617375581842603,1.1221153504065908,0.6623941231771562,0.5452051199011354,-0.1078743831867917,-0.13233698559368864,0.2703583587849007,-0.18356967295195592,-0.11907067225089395,-0.23288007151677667,-2.002892815227606,-0.8908939251296433,-1.0569843091899096,-2.99192535068134,-1.0411446415685743,0.3788452607147164,0.8634960603417543,0.8776475606601087,0.8619173513978361,0.017229936222060937,-0.07734017697812744,1.498699115582268,0.8544865952992093,0.4919583780650591,-0.6852003330994418,-0.09003456200764778,1.4442994250984886,0.8169528032342382,0.5155481285799082,0.7719643775299969,0.9166536588542308
Otu000016_rna_dna,-0.6805966891984457,-0.28980394397415676,0.019946824832159815,-0.2146224647594578,0.23845317360741958,-0.29424838890885985,-0.36567549678580025,-0.1502726962878071,-0.888469351085942,0.3054661501694539,-0.49472577364548864,-0.29926659347031404,-0.21185750472015075,-0.06316137735830862,-0.468653992795034,-0.4469651322366187,-0.5016577747917462,-0.37945815060569144,-0.6283338728709694,-0.11537918684369619,-0.6106294696703602,-0.5668646488393396,-0.287222724490546,-0.7714657368798271,-0.7319769400904776,-0.4320950529351997,0.08555274086071035,-0.20598523802196156,-0.6288739896004802,-0.3232677229385783,-0.8872462721680181,-0.3828465955439291,-0.48312373584503177,-0.7133805746618188,-0.9592797911647195,-0.31117954204521153,-0.9963509901354177,-0.8647670634911869,-1.175408789757487,-1.043641020377232,-0.8701363679085753,-0.8546494514706093,-0.6986125757935263,-1.2142768887336937,-0.9099819234167634,-1.2160201900314878,-1.109771473347428,-0.7997801308012168,-0.06157487263831987,-0.3490661167292286,-0.541817660746943,-0.46599111941761,-0.6071655038800372,-1.1402137649042157,-0.516312349542807,-0.20185417549724727,-0.6055365471056592,-0.1645372570625674,-0.31108716577416606,-0.005302420363058835,-0.4205095054973942,-0.23194562522654527,-0.5207591622288965,-0.6631776578309617,0.07404236344409354,-0.37404241282926687,-0.3420196561430607,-0.42091382568718283,-0.42045451549723006,-0.7057257185284015,0.10948419581273261,0.06006018724374812,-0.4577430155827004,-0.9510571062123759,-0.695746929555064,-1.1875575774010643,-0.5571896470197815,-0.5517296078260847,-1.2008188614655662,-0.8357425149887566,-0.5504071087179294,0.024577158715252345,-0.17943032625702293,-0.4587343985933455,-1.0745849224488306,-1.1709092860960604,-0.7889656828304669,-0.5776335837473827,-0.6747913692056585,-1.0499055595058886,-0.9868172130521959,-0.6938308037996173,-1.801687387774872,-0.4121758022118127,-0.4802795301385523,-0.5541294622639588,-1.1714555369824613,-1.3823309875705214,-0.5038092837939339,-0.5422205928834546,-0.642502808844326,-0.4913683456397604,0.056861335959110804,0.0021704566614121346,-0.33203562582637147,-0.1345802275990171,-0.7874019592686256,0.1073642172838426,-0.0938704683396212,-0.21267908645253952,-0.35276608441636303,0.24333004060445332,-0.8817156623650958,-0.49479150460724886,0.9927736338243329,-0.7191327982163551,-1.9609883869680955,-0.41039554785342214,-0.3758980316010043,-0.37229060684094917,-0.7204010037909365,-0.505034713936978,-0.35939491560071646
Otu000019_dna,-1.442936800676298,-1.1967139909236373,-0.5544294327487681,1.2132792003512998,0.36295290231174476,-0.5475483966277627,0.11308407746177437,0.7222125609701247,1.8006783798383685,1.3372976180343998,0.3880463283822973,0.24581865190752067,0.23791830876773154,-0.30471898210611303,-1.049553443671676,-1.2501424167260164,0.14434362089078046,-0.889674034893554,-0.7337857777262176,-2.9329347987646126,-2.7995993890014144,-1.5426340158766032,-1.990477692256619,-1.853804545061291,-1.4992208883239901,-1.6190070000759549,-1.3676824293577028,0.18547008967148598,0.2518902693938552,-0.11942768175320405,0.6261273971006375,-0.7928510318451332,-0.06612221087889697,-0.3155698824010007,-0.7374260549611004,-1.3258595185517983,-0.9401250713003636,-1.3224168418315567,-1.3207604797390229,-1.1723539132049052,-1.378553457051781,1.365505907783362,1.5334321570273342,0.7077985428203972,1.3870765240073122,1.5023747660796416,1.956601278912408,2.6042353145471764,2.603450503149796,1.8260874033476528,2.063337792995355,1.6002792241460448,1.3232066543972467,1.3151925875193096,1.2081098982042013,0.3571638465264514,0.3225645228736604,1.2186786676653478,1.192617432209253,1.1690332715677676,1.5586177756408814,1.2276981185843663,0.9370351727184724,0.12134340428014777,-0.248732395938564,-0.6162166674033107,-0.2553097867140147,-0.31534059398126335,-1.367037085863412,-1.3645415787574529,-1.751118025769253,-4.066095079853277,-3.3475731576575094,-3.616614722458177,-2.863916821709531,-1.5133755184112394,-1.8600861024881206,-1.7803144684946548,-1.6283031276897078,-1.313957164854579,-0.9528478539366936,-0.08431726292345304,0.5661747953546616,-0.10901386586585587,-1.8807332076384438,-1.514898002366367,-1.6584064197670076,-0.9695767789775455,-1.135228011829042,-0.6606161524465092,0.1791365428284033,0.8389154095372334,0.9480889166329644,0.9606785407536479,2.831278342690996,2.9038781767278588,2.6597291750997165,2.6072040723169567,2.0034136110353957,2.6301997927231495,2.2254075838023843,2.144732715177853,2.1917976393451912,2.6481378080640887,2.315943986309306,2.704519240182254,1.063692060714492,0.9272997442368853,0.7734436905204471,0.45023709662162653,-0.1833727586743662,0.12672127024035004,-0.5135415782881856,-0.6935864575324142,-1.120792737864102,-0.7021363253435406,0.2693954872973121,-0.3490254682250272,-1.1257883131852462,-1.9656958629731858,-2.401637027355541,-2.362089698143946,-3.438536397519011
Otu000019_rna,-1.4320707336972993,-1.1834012919774641,-1.3315597625706337,0.6538996814608751,0.41379251422953894,-0.1498551506320259,0.16116232556433063,0.6078336466520665,1.71831080176251,0.3790911393025588,0.1838179229419208,-0.1558375412398463,-0.46621790965331034,-0.22629749030966928,-1.4525329744761726,-1.811456122170384,-0.2555891956877279,-1.7224001830551916,-1.149341392050671,-2.657226432334505,-2.519617141215311,-1.449039906933996,-2.4212240040001367,-2.01982082019596,-1.683309613052128,-1.519577999942747,-1.65099221762761,0.024324025123130835,0.16833298019383205,-0.3200930825994499,0.3091732084570786,-1.0642369905152431,0.7325932858529481,-0.9965422856206082,-1.2439314355939117,-0.8041299376619059,-1.1876182738618304,-1.6836710786169176,-2.110906868705865,-1.976914207460086,0.800567470093743,0.6851572583961254,0.4857470954237412,0.4127930140989964,0.8901805350951839,0.9552090640390546,1.3750221071684878,2.0267325591723204,1.7602956990816565,1.5759961352359622,1.7500611677940898,1.5413515083286806,0.8912296180815371,1.0395250304933805,0.7502940054162973,0.012927648552823485,0.04018488220069666,1.0802157649679587,0.7865162696215261,0.7744853410939706,1.1312346344057598,0.9172765143910337,0.6064420822714827,0.13190814291516845,-0.5222491430251937,-0.5110484939330946,-0.6842219656014876,-0.4739810601598832,-1.5320341231064059,-1.7024246068388897,-2.0182498650733502,-2.6580060695685916,-2.855547856144341,-4.860768099513207,-2.3450336524646715,-2.6335970394078823,-1.6961239762534512,-2.7648400781458755,-2.6242059516003295,-2.369155991322251,-1.780259315587225,-1.2756149596045432,0.6709764110736322,-0.5329258045613162,0.48143023583919975,-1.5286144919730829,-1.389251175284102,-0.9743549151777808,-0.8260700006867306,-0.4800776458077078,-0.26266863765781384,0.2284250184643389,-0.00014745962908759719,0.5302387002529467,0.8133932088420698,0.6923896853988035,0.9168788443431937,1.117188686451888,0.5462059735896789,1.4332874574041732,1.5247075141715791,1.6243233059636621,1.5437595392942538,2.1068478223314786,1.7948775939443795,2.23240549382749,0.7831139950524353,0.22392765087057398,0.3442936032510996,0.24283595711312694,-0.7270885222190584,-0.6430075102490863,-0.43671417788602485,-0.6875442103210025,-0.005635690340083497,-1.1040565140369005,-1.6684305476487065,-0.8990135580927148,-1.3917932759715232,-2.676916234274061,-2.8343559586946965,-2.4826295299402834,-3.2771248003560567
Otu000019_rna_dna,0.010866066978998612,0.013312698946173152,-0.7771303298218656,-0.5593795188904247,0.05083961191779418,0.39769324599573674,0.04807824810255626,-0.11437891431805813,-0.0823675780758586,-0.9582064787318411,-0.2042284054403765,-0.401656193147367,-0.7041362184210419,0.07842149179644375,-0.40297953080449656,-0.5613137054443675,-0.3999328165785084,-0.8327261481616376,-0.4155556143244534,0.27570836643010743,0.27998224778610314,0.09359410894260711,-0.43074631174351774,-0.1660162751346692,-0.18408872472813775,0.09942900013320788,-0.28330978826990716,-0.16114606454835514,-0.08355728920002317,-0.20066540084624584,-0.3169541886435589,-0.27138595867010995,0.798715496731845,-0.6809724032196075,-0.5065053806328114,0.5217295808898924,-0.24749320256146679,-0.36125423678536084,-0.7901463889668421,-0.8045602942551808,2.179120927145524,-0.6803486493872366,-1.0476850616035929,-0.29500552872140084,-0.4968959889121283,-0.547165702040587,-0.5815791717439203,-0.577502755374856,-0.8431548040681396,-0.2500912681116907,-0.3132766252012651,-0.058927715817364223,-0.4319770363157096,-0.27566755702592904,-0.457815892787904,-0.3442361979736279,-0.2823796406729637,-0.13846290269738915,-0.406101162587727,-0.394547930473797,-0.42738314123512167,-0.31042160419333253,-0.3305930904469897,0.010564738635020679,-0.27351674708662965,0.10516817347021612,-0.4289121788874729,-0.15864046617861988,-0.16499703724299386,-0.3378830280814369,-0.26713183930409734,1.408089010284685,0.4920253015131686,-1.2441533770550297,0.5188831692448597,-1.1202215209966428,0.16396212623466933,-0.9845256096512207,-0.9959028239106218,-1.0551988264676722,-0.8274114616505315,-1.1912976966810902,0.10480161571897051,-0.42391193869546034,2.3621634434776437,-0.013716489606715898,0.26915524448290573,-0.004778136200235372,0.30915801114231145,0.1805385066388014,-0.44180518048621714,-0.6104903910728945,-0.9482363762620519,-0.43043984050070117,-2.0178851338489263,-2.2114884913290553,-1.7428503307565228,-1.4900153858650687,-1.4572076374457168,-1.1969123353189763,-0.7007000696308052,-0.5204094092141907,-0.6480381000509374,-0.5412899857326101,-0.5210663923649266,-0.472113746354764,-0.2805780656620567,-0.7033720933663113,-0.42915008726934756,-0.2074011395084996,-0.5437157635446922,-0.7697287804894364,0.07682740040216074,0.0060422472114116665,1.1151570475240185,-0.4019201886933599,-1.9378260349460186,-0.5499880898676875,-0.26600496278627705,-0.7112203713008751,-0.4327189313391555,-0.12053983179633754,0.1614115971629544
Otu000021_dna,-1.1805725362088069,-1.9838901211318587,-0.5067066598795525,0.06542728599565495,-0.38148757263575106,-0.21713066891525598,0.06495159171131301,0.7831869641767591,0.33935699554110876,-0.005785477970437505,-0.026527495924107435,-0.889897386963966,-1.014013749833549,-1.9495240383775045,-1.611237484671158,-2.4357660823837564,-2.1055621761078376,-2.443022480676611,-0.8341337515604996,-1.2181363706726862,-2.378385923925111,-0.9257701400662888,-2.945989137284055,-2.97773464171369,-2.100560519630813,-1.4724035258840795,-2.536253306632723,-1.9679864138843692,-1.4807147773475362,-2.635586875045309,-3.714891213845867,-1.747362976539486,-2.5776971077490587,-2.125678490297252,-0.9978813147126675,-0.51938365268485,-1.4509506950663542,-1.2988863444213625,-1.0049075303205457,-0.9732252380945692,-0.5050245845157076,-0.27255080995639075,-0.7718889157855865,-0.47646919042620633,-0.576533202147402,0.20309178194938068,0.08699932292041926,0.5270829764614751,-0.09733354427579119,0.7768853057366695,1.5672446674273723,0.7434048633156326,-0.6599476678304378,-0.9429407429039022,-0.42808546339944836,-0.7860527483784122,0.8953480211837306,0.5229574831102296,-1.3185124126778496,-2.469031242628395,-1.5278688611815736,-0.6773643788071002,0.029183309490181924,-0.6287706008864751,-0.31327091707613525,2.066714473603567,2.607745430021369,2.609268487268998,1.7636145055899495,0.7674708499317211,-0.23222554320783828,-2.6798007187333863,-2.1638030606490926,-1.824855253230122,-1.7653045330414217,-2.4578371272520907,-1.4675243992158644,-1.5106509015455525,-1.7283865862466905,-1.6276147237096203,-0.6809141384530517,-0.18229767128365687,-0.13897733130210688,-0.45732056013407163,-0.08897373841038883,-0.17765979823567063,0.2133957571345838,0.25318393921402377,-0.21893727995488696,0.5110212712364904,1.6234181615986434,2.084530985822948,2.042480517696844,2.0925106673019016,2.2165933293934468,2.2905181127857457,2.2217936819607678,1.7668166452151977,1.2018704230948882,1.577434590268291,0.6462784742063622,0.6446663812891694,2.2719185973415503,0.4087547436935068,1.3852645169830513,1.7117992406490061,3.1356103703879543,-0.9216525592768665,-0.7383557523497373,-0.6696525904937681,0.2544838452250336,-0.19083196554493442,1.5780386343959654,-3.277584009964645,-0.8066190499653447,-1.7879688873652515,-1.7278079561455517,-2.4564800461325373,-1.8189354937451916,-1.144070357640109,-2.531690155603739,-3.027066001737195,-2.684764595142631
Otu000021_rna,-0.6932535163041657,-1.8054525508536792,-0.3089333808804462,0.27524583080336745,-0.5034927478111245,-0.6748654093899732,0.22081303426030696,0.5805782907841519,0.46224910125673274,0.4871043833631372,0.021848594996864756,-1.329957382416101,-0.8223539152874324,-2.0180569595377245,-2.117509278069422,-1.4059910140622196,-2.00354604225739,-2.7209290131663186,-0.22708049319001225,-1.7505051514765007,-2.067632017472254,-0.5496856845907393,-2.8042162562562427,-2.6176578209515813,-1.6440888998988465,-1.5996207076162834,-1.5001693278930264,-1.9382531764173943,-1.1105411323052217,-2.6767453968637716,-3.2743457299990313,-1.5841124498011518,-2.272470315129927,-1.5226353815173872,-0.6561447706917927,-0.19195181963562769,-0.8172444855649359,-0.8609898458650701,-0.2917484252896957,-0.28231848668567894,0.03646855356151298,0.21331708134308838,0.25289472998257057,-0.2290608720733984,0.1110429066797162,0.49499344115948196,0.11648433917923603,0.179749799181071,0.3779461162527821,1.3425849984475833,1.9272731847441649,0.9785949802796936,-0.17661101191981893,0.0059452120961254245,0.8237857446793597,-0.19116770779069175,1.1421736512854124,0.22108344693375231,-0.07562701313522444,-2.8906775864026497,-1.345172454569785,-0.5134696092996908,0.31051594004461963,-0.5288737531427451,-0.8099312154769746,1.2504056257996314,1.1652593657850407,0.8653963811722557,0.8489354988086218,0.46662909353063337,-0.8863803546487581,-2.252540961460427,-2.579294479516183,-1.646346624994386,-0.909949127175349,-1.5096669427554823,-0.8339004656495721,-0.7404583136490668,-1.5964197155008326,-0.8831622699792723,-0.08566359481281782,0.2634814634713123,0.6499230018757999,0.1694380311035532,0.5890609000315652,1.054628058535779,0.8337812860079903,0.8174045540502741,0.4443925449080383,0.988454813549155,2.172675945182173,2.042239937715581,2.6141152113729547,2.210089240869645,2.1747581869194352,2.248790015544525,2.86775424689641,2.4989331534698014,1.9375100863506498,2.210692314996967,1.749024544986772,1.7990748038970714,2.801624877144367,1.043455401524594,1.6185427002067403,1.7261034853524566,3.5859897624287687,-0.6410697866160305,-0.9201250119833295,-0.7024423116342804,-0.021380115786139752,-0.4495570627604223,2.0874998063901455,-3.098342887955281,-0.5344175976630522,-1.137958065712582,-0.5259240654233716,-2.3771154684657283,-2.353204443126148,-0.3485786451776005,-2.4776810147559645,-3.0887653335105987,-2.209284170354701
Otu000021_rna_dna,0.4873190199046412,0.17843757027817952,0.19777327899910635,0.2098185448077125,-0.12200517517537346,-0.4577347404747172,0.15586144254899395,-0.20260867339260724,0.12289210571562398,0.4928898613335747,0.04837609092097219,-0.44005999545213503,0.19165983454611668,-0.06853292116021992,-0.5062717933982639,1.0297750683215368,0.1020161338504475,-0.27790653248970765,0.6070532583704874,-0.5323687808038144,0.31075390645285683,0.3760844554755495,0.1417728810278125,0.3600768207621088,0.45647161973196626,-0.12721718173220387,1.0360839787396967,0.029733237466974982,0.37017364504231454,-0.04115852181846247,0.4405454838468357,0.16325052673833418,0.3052267926191319,0.6030431087798647,0.34173654402087483,0.3274318330492223,0.6337062095014183,0.4378964985562924,0.71315910503085,0.6909067514088902,0.5414931380772207,0.48586789129947916,1.024783645768157,0.24740831835280794,0.6875761088271182,0.29190165921010125,0.029485016258816776,-0.347333177280404,0.4752796605285733,0.5656996927109138,0.36002851731679253,0.235190116964061,0.48333665591061886,0.9488859550000276,1.2518712080788081,0.5948850405877204,0.2468256301016818,-0.3018740361764773,1.2428853995426252,-0.4216463437742548,0.18269640661178865,0.16389476950740944,0.2813326305544377,0.09989684774372998,-0.4966602984008393,-0.8163088478039358,-1.4424860642363284,-1.7438721060967426,-0.9146790067813276,-0.30084175640108773,-0.6541548114409198,0.4272597572729593,-0.4154914188670906,0.178508628235736,0.8553554058660726,0.9481701844966084,0.6336239335662923,0.7701925878964857,0.1319668707458579,0.7444524537303481,0.5952505436402339,0.44577913475496916,0.7889003331779068,0.6267585912376248,0.678034638441954,1.2322878567714497,0.6203855288734065,0.5642206148362503,0.6633298248629252,0.47743354231266455,0.5492577835835295,-0.04229104810736706,0.5716346936761108,0.11757857356774348,-0.041835142474011544,-0.04172809724122084,0.6459605649356424,0.7321165082546037,0.7356396632557616,0.6332577247286761,1.1027460707804098,1.154408422607902,0.5297062798028165,0.6347006578310872,0.23327818322368898,0.014304244703450486,0.45037939204081434,0.280582772660836,-0.18176925963359225,-0.03278972114051226,-0.27586396101117333,-0.25872509721548786,0.5094611719941802,0.17924112200936415,0.27220145230229253,0.6500108216526694,1.20188389072218,0.07936457766680904,-0.5342689493809565,0.7954917124625085,0.05400914084777453,-0.06169933177340381,0.4754804247879303
Otu000023_dna,1.4418639121704113,1.764121540957127,1.3833007115946143,-0.16372557048239858,1.3635847826196508,1.1827351495626397,0.7351551224501178,-0.1121419560864476,-1.2147308218098267,-0.3592204921456976,0.08294221248385208,1.0306571904696593,2.001008023493176,1.8419120040615238,1.2891483765380598,1.1117592534244485,0.6487687775583787,1.0658055651779101,1.0811535372808305,0.4266686855987055,1.2316870372535496,0.6885339620189845,0.6207226828556734,1.1114685210079915,0.1861091180573333,0.63780967446251,0.3989902054406171,0.7140334747502556,0.7215192030753494,0.8956636348650444,1.533635488199154,0.5934433292747575,1.8553694108282703,1.6044038381739567,1.4918346882133773,0.2259492810456656,1.079212546309767,1.3744600586725282,1.07453401135929,1.1536828408241904,1.2369733751532834,0.7183086174152729,1.21052864961219,0.7797720424454865,1.3570241789409103,1.72914808544443,1.2471695045879623,1.1343268133861524,1.624948126598944,0.3816977803867454,0.5637628801873966,0.7373416139045748,0.27798223914719855,1.3779539622854795,1.5196390193861047,0.951639499579367,0.7450658181343925,1.2148151728403034,1.9124638191244385,1.4290772211994203,0.8434127630987068,0.4593074716853545,0.6144769846312129,0.8193646805983384,1.258545003568381,1.1960038736960843,0.9913294639308241,0.9292469294988628,0.7782442133119668,1.3096070706690757,1.7686360004733184,0.42254128987886314,0.9492586309531404,0.6138620140885035,0.6624437029066298,0.22774021799806074,-0.0061948521530595935,-0.4875461653855877,-0.7215818468317036,-0.2519024719202668,-0.4783898743415777,-0.6233137636561401,-1.0408793257241624,-1.5151108542819263,-1.5240582636997113,-0.9106983078229178,-1.0078188536258583,-0.4974202963707089,-0.511073702756048,-0.06277915169088877,0.017495191271987426,0.1888164825458018,0.4390667198661244,-0.028182883955342537,-0.2683133203945536,-0.7237905463411807,0.12235147357426246,0.6552281519033396,0.011176888651625161,0.41580933377144724,0.33856928237080486,-0.11178671458878846,-1.8084397229058107,-0.2874365792476667,-0.6152497661071138,-2.2442406501959145,-0.5266096689665893,1.2576511383720217,1.4859534820260085,1.757405395211175,1.6569155563705527,1.3899823507703766,-0.004441580489664675,1.427431510993162,-0.5007215376222227,1.1554670826900197,1.135394928875768,1.1251431571586736,1.5483603362412826,1.5644525449599127,1.4603755574979436,1.2671913930839551,0.9535952590130653
Otu000023_rna,0.07718533855742618,0.546855977492797,0.07883215012831711,-1.2288315659729068,0.21179555862603439,0.04953431467407677,-0.3890416281887455,-1.3391111636440232,-2.308980001467009,-1.988032474829058,-1.3535166955908355,-0.7703415944806785,0.34160475776401683,0.3478640086281322,-0.010668762201471314,-0.4251617610504934,-0.8183192807525093,-0.2910821405613459,-0.8601634330073076,-0.5659504330076663,-0.4642731511145358,-0.9771296994176787,-0.4883859365121764,-0.5382162792717451,-1.452197892088741,-0.8656515325360828,-0.8070221473330811,-0.5373600158763508,-1.1676995461451702,-0.47952081952755193,0.25201479461712994,0.09835059764783859,0.5644127578152514,0.36676255727458373,0.03700240986815262,-1.43273859708428,-0.7047665021382457,0.0683001405527246,-0.21378688381998373,-0.15775576404391675,-0.35439775512549865,-0.43665792735164827,-0.27226071933824514,-0.20436825948302684,0.17046632715051682,0.9303115124173275,0.4373920592593373,0.3132811918055937,0.45008364441920545,-1.2628242970494425,-1.2567932354581748,-0.8292383137794225,-0.45424274851809826,-0.25975795363688037,-0.10887614053870205,-0.42379000305944514,-1.0916682892890301,0.3264439625915787,0.1144860125025034,-0.3402563295040227,-0.9822669608804164,-0.8476716973863646,-1.2102563353038247,-0.8846391926986369,-0.2663157688879929,-0.84454010241617,-0.47332703636347706,-0.36363300299101786,-0.7791677078448384,0.011373320919453436,0.346152658943906,-0.547792869222002,-0.694316881456027,-0.8988972883574929,-0.6402855602262465,-1.4143567629511573,-1.2732671254334178,-1.2767630227160423,-2.0981128557035507,-1.4724098555210663,-1.780259315587225,-1.8786110431701908,-2.101612311166149,-3.423297562457481,-3.3027593980790613,-2.955730847613229,-1.514414318238108,-1.6393312187710298,-1.806899253698457,-1.3273755061949113,-1.3612809263259233,-1.089815879410536,-1.321903299611407,-0.9595963398077841,-1.0248862760208781,-0.9348660703520906,-1.0049337531330589,-0.8031118683991008,-0.9141963596839336,-0.8982230587328648,-1.022782621918189,-1.5017135100447534,-3.5534902276387728,-2.717744714168968,-2.5894611804878815,-4.144604860619725,-1.8386518374527623,0.15616158524213636,0.014835337733381592,0.31360502800133416,0.05342109729655863,0.08779117651454726,-2.3612331369600206,-0.007300434596965253,-0.6487223689431106,-0.5932308902709099,-1.8820046479467656,-0.25685193226563713,0.29315218897072226,-0.13908718303171808,0.16137631485929424,0.18837939948157778,-0.026045834993221446
Otu000023_rna_dna,-1.3646785736129852,-1.21726556346433,-1.3044685614662972,-1.0651059954905082,-1.1517892239936165,-1.133200834888563,-1.1241967506388633,-1.2269692075575755,-1.0942491796571825,-1.6288119826833605,-1.4364589080746877,-1.800998784950338,-1.659403265729159,-1.4940479954333916,-1.2998171387395312,-1.536921014474942,-1.467088058310888,-1.356887705739256,-1.941316970288138,-0.9926191186063719,-1.6959601883680855,-1.6656636614366631,-1.1091086193678499,-1.6496848002797366,-1.6383070101460744,-1.5034612069985929,-1.2060123527736981,-1.2513934906266064,-1.8892187492205197,-1.3751844543925964,-1.281620693582024,-0.4950927316269189,-1.290956653013019,-1.237641280899373,-1.4548322783452248,-1.6586878781299457,-1.7839790484480127,-1.3061599181198036,-1.2883208951792737,-1.311438604868107,-1.591371130278782,-1.154966544766921,-1.4827893689504352,-0.9841403019285133,-1.1865578517903934,-0.7988365730271026,-0.8097774453286251,-0.8210456215805586,-1.1748644821797387,-1.644522077436188,-1.8205561156455714,-1.5665799276839971,-0.7322249876652969,-1.6377119159223599,-1.6285151599248067,-1.3754295026388121,-1.8367341074234227,-0.8883712102487247,-1.7979778066219352,-1.769333550703443,-1.8256797239791234,-1.3069791690717192,-1.8247333199350377,-1.7040038732969753,-1.5248607724563739,-2.040543976112254,-1.4646565002943013,-1.2928799324898805,-1.5574119211568052,-1.2982337497496221,-1.4224833415294125,-0.9703341591008652,-1.6435755124091673,-1.5127593024459964,-1.3027292631328762,-1.642096980949218,-1.267072273280358,-0.7892168573304545,-1.3765310088718472,-1.2205073836007996,-1.3018694412456473,-1.2552972795140507,-1.0607329854419867,-1.9081867081755546,-1.77870113437935,-2.045032539790311,-0.5065954646122497,-1.141910922400321,-1.2958255509424088,-1.2645963545040226,-1.3787761175979107,-1.2786323619563378,-1.7609700194775315,-0.9314134558524416,-0.7565729556263245,-0.2110755240109099,-1.1272852267073215,-1.4583400203024404,-0.9253732483355588,-1.314032392504312,-1.3613519042889939,-1.3899267954559649,-1.745050504732962,-2.4303081349213014,-1.9742114143807679,-1.9003642104238105,-1.312042168486173,-1.1014895531298854,-1.4711181442926269,-1.4438003672098407,-1.6034944590739941,-1.3021911742558294,-2.356791556470356,-1.434731945590127,-0.14800083132088793,-1.7486979729609295,-3.017399576822534,-1.3819950894243107,-1.2552081472705603,-1.7035397279916307,-1.2989992426386494,-1.0788119936023772,-0.9796410940062867
Otu000024_dna,1.2617744991603976,0.20390042397100194,-0.5164628348249172,0.8274947137642237,-1.2718028181066456,-0.9369460965573627,-0.25547647371093907,0.8711304938405833,0.8288177968094026,0.7776502878402332,1.032079458130303,0.7195405254701344,1.343433841749169,0.819934790853349,-0.31790099972862335,-1.4663655251956527,-2.0295762691299153,-1.1152243262383286,-0.3435108351120284,1.4308712897957405,0.48559907879785896,1.09803621731412,0.5744716652049178,0.42089534444321913,0.24158261153236243,-1.3247675270780148,-0.5012635275237208,-1.438584404545443,-0.04079932478854793,-0.6694740186724759,-1.935107935664528,-0.5697074805309232,-2.145563752558733,-2.261480031456314,-2.1560857005830227,0.5551310844041992,-1.5687337307227376,-3.26832699088687,-1.6572327163602358,-3.6404534446765244,-5.139753572745344,0.7302135199215911,-1.6950525269475036,1.4083807018678607,-1.3510260221612995,-3.4212491510269842,-2.9575231148030037,-2.62687330230741,-2.787446044691334,0.4697311298720682,-1.5237977859309435,-2.3407528812651863,-1.5999549263219088,1.3298572609235566,-2.2030378143111222,-0.34949705320021673,0.20220084062378532,0.7624613175296464,1.8780881652708592,1.3596101538607,0.8031957031343406,0.8352967616605654,0.3580234544354703,1.6895520731555809,0.7145153190233621,0.7816385161176558,-0.23416735014020545,-0.36854463004472787,-0.8106009508453691,-0.10853711633791403,0.346808330584686,0.43371459047698846,0.7827818420876245,0.7464839023301855,-0.865820919483648,-1.4593082971409637,-2.050129705375986,-1.1359574521041416,1.6334497215348844,-1.738840358819845,-2.4932928948838424,-2.291592176113174,-2.5272571454010357,-1.2076261545339655,1.380106816328789,-1.7274594443500397,-2.351553600326953,-2.1396480316278,0.1997730549032981,-1.5544340284686056,-1.046630921324953,-3.2012075985182284,-3.1718511927781,-3.713484516721395,-3.381828629604928,-3.4392208547410132,-3.9131525886249046,-2.947207945684976,-0.22266195177933254,-2.6327864293396117,-3.101543515541024,-1.4775464732669712,0.8105768558260019,-0.8387031725721681,-1.432694663344636,0.05416907138765073,-0.035586672496778216,0.09298530428867477,-0.15412838581774785,0.29080935969352456,-1.2337829455245983,-0.6667939043743007,1.3934433804451356,1.3541063858328415,1.0704482763691474,-0.8324574423378152,-0.4285249720152909,1.0651903526332107,0.33373828660565397,-0.4724293823011273,-0.9222522431696385,-0.7189407283675336,-0.9128077532107555
Otu000024_rna,1.9310268017325856,0.6170918572193455,-0.3266329579798472,0.6593197489302143,-0.8231910341618638,-0.423550981109067,0.024586790558579787,0.8565018097978548,0.867260591756756,1.1143095337831912,1.8601280798598125,1.3820067180072453,1.4607539285037228,1.1727358965876513,-0.1636939495069951,-1.0493160701234872,-1.2480949783612898,-0.9532670955173244,0.09050706204067331,1.8758849625447998,1.4461722883684949,1.6220264134453939,0.9585330464241492,0.7955878992267489,1.614747009690514,-0.8264308193828016,-0.6164017877244315,-2.8255563714182967,1.0403593733567593,0.7391581321880795,-1.569597637760606,-0.07667370532217282,-2.0005365996462854,-1.6026780891909238,-1.9370786161538571,0.7873702740855272,-1.0891782010485778,-2.237981814322647,-1.3769376936256645,-2.787844423676415,-2.796744790494703,1.6392562738102194,-1.263452759385518,2.6359930778384766,-0.47023437803688595,-2.057052511466147,-1.836205496861456,-1.9332144345374083,-2.962163573429535,1.4249231517149057,-1.0988902060123662,-2.312696423352961,-1.881359104158244,2.7546396141364706,-1.3341532349979757,0.5390207444496028,1.1432966160300362,1.3511813521754286,2.383684089463812,2.39790505104849,1.3027738224627197,0.8052513269874747,0.7821738293863816,3.129119585117521,1.6562833012988734,1.8690502790616554,0.378988396015706,0.4621122990104515,0.18798144126280777,0.545352249660161,0.8857166643737376,0.7292050701188237,1.693532863192707,1.025335931936949,-0.7355957400305713,-0.9644398922721592,-1.2732671254334178,-0.7499370576036105,2.51023409719487,-0.9991221510741408,-2.1857244236953894,-1.9137023629814611,-3.200224599834259,-0.03327348139345056,2.335595271254684,-1.0339182501369761,-1.8245692465419474,-1.4386605233088787,1.2688757275290707,-1.0396934337431305,-0.8394054663733478,-2.7814918900816084,-2.862348340558556,-3.1751700558122002,-2.683114352624411,-2.8585530826226937,-2.545378794080208,-2.8914423574961825,0.5349825112198293,-2.5578107548524365,-1.7159298024781342,-0.6168389744039774,1.1469901381536434,-0.169416237943472,-0.5429637945273996,0.4622306046874272,0.23073936837357215,0.2217771124073455,-0.16224935872289034,0.4716775295419744,-0.781936322718727,-0.8267689521010287,1.6972923274571272,1.7977185014255397,0.012676113302254191,-0.14854506900946418,1.7340480641694975,1.4626125160797072,0.8768902653468411,0.3078869687477399,-0.7729329225175391,-0.3807151324083887,-0.7262601827762593
Otu000024_rna_dna,0.6692523025721879,0.4131914332483435,0.18982987684506997,-0.1681749648340094,0.44861178394478185,0.5133951154482956,0.28006326426951883,-0.014628684042728435,0.038442794947353365,0.33665924594295804,0.8280486217295095,0.6624661925371109,0.11732008675455385,0.35280110573430234,0.15420705022162826,0.4170494550721655,0.7814812907686255,0.1619572307210042,0.4340178971527017,0.44501367274905923,0.9605732095706359,0.5239901961312738,0.3840613812192314,0.37469255478352975,1.3731643981581516,0.4983367076952132,-0.11513826020071072,-1.3869719668728537,1.0811586981453072,1.4086321508605555,0.365510297903922,0.4930337752087504,0.14502715291244783,0.6588019422653904,0.2190070844291656,0.23223918968132795,0.4795555296741598,1.0303451765642229,0.2802950227345713,0.8526090210001094,2.3430087822506414,0.9090427538886283,0.4315997675619856,1.227612375970616,0.8807916441244136,1.3641966395608374,1.1213176179415476,0.6936588677700017,-0.174717528738201,0.9551920218428375,0.4249075799185773,0.02805645791222533,-0.2814041778363352,1.424782353212914,0.8688845793131466,0.8885177976498195,0.9410957754062509,0.5887200346457822,0.5055959241929529,1.0382948971877901,0.49957811932837903,-0.030045434673090732,0.4241503749509113,1.43956751196194,0.9417679822755113,1.0874117629439997,0.6131557461559114,0.8306569290551793,0.9985823921081769,0.6538893659980751,0.5389083337890517,0.2954904796418353,0.9107510211050824,0.2788520296067636,0.13022517945307677,0.49486840486880446,0.7768625799425684,0.38602039450053105,0.8767843756599856,0.7397182077457041,0.307568471188453,0.37788981313171277,-0.6729674544332234,1.174352673140515,0.9554884549258951,0.6935411942130636,0.5269843537850056,0.7009875083189214,1.0691026726257726,0.5147405947254751,0.20722545495160516,0.4197157084366201,0.309502852219544,0.5383144609091945,0.698714276980517,0.5806677721183195,1.3677737945446964,0.05576558818879329,0.7576444629991619,0.07497567448717524,1.3856137130628898,0.8607074988629938,0.33641328232764145,0.669286934628696,0.8897308688172364,0.40806153329977646,0.2663260408703504,0.12879180811867072,-0.008120972905142493,0.18086816984844983,0.4518466228058713,-0.159975047726728,0.3038489470119916,0.4436121155926982,-1.0577721630668933,0.683912373328351,2.1625730361847886,0.3974221634464965,0.5431519787411871,0.7803163510488672,0.1493193206520994,0.3382255959591449,0.1865475704344962
Otu000028_dna,-0.818782491603304,0.8835285119524033,0.69920600926421,-0.6677252291779895,0.06184780952782305,0.98003766087526,0.6640698226229821,0.3801170667945495,0.999443313840166,0.7150088400442021,0.5336483592340201,0.41592462093335136,0.5556916906140767,0.41321497743628816,-0.3878884013820832,-0.8446773086178523,-0.38892333734789075,0.011112510444635884,-0.8341337515604996,-1.4165873093965244,-1.4874130000352457,-0.39084696472123753,-1.0589194882516755,-0.9079550109455915,-1.1329764933691073,-0.25264685385688146,-0.3294132705970617,-0.499248383553404,-1.4750809596292802,-0.2015558959177618,-0.02601175973193084,0.30242235555746205,0.6104408416655132,1.0330091254491471,0.9444806342865487,0.45247693034411585,0.36820774834981523,0.5747031430543247,-0.0009112180272851599,0.7415731899973576,0.7951406228742443,0.37099942946418235,0.5173814690522447,-0.6346931956411004,0.07269474447770789,0.47057114708364234,0.23706001749615238,0.41764913541601295,0.35957567640888327,0.200602465316035,0.7938900752488588,-0.5680416070078255,-0.9901893547010145,0.1150005060332797,-0.03398411394159911,-0.06693008141520632,-0.47556142109668065,0.05912036878015817,-0.15445621575735624,0.561541535586316,0.7199079953174768,-1.126889476709295,-0.8997925819112889,-0.6782506581498446,-0.2063731220994224,-0.7938978446407632,-0.5689673455690561,-0.7497170455838478,-1.0385330188913762,-0.6215225681573348,-0.5004895298025175,-0.8472192549850759,-1.3020331676533548,-1.0139250370137936,0.6363714625968546,0.5235064088498008,0.677875110255769,1.1553138809896306,1.26997380971357,1.1323952163233006,1.230390481424786,1.4689029695124187,1.6907013727882416,1.3972398103330137,0.7835143708053735,0.8415303226485019,1.1449539611395274,1.2596957813850325,-0.10560859464788376,0.32587883810089435,0.9939288328106756,1.4992727672741877,1.7024975940972127,1.6067341137797428,1.7465897001477113,2.2382936930945774,1.9657829533466384,1.6535776419852914,1.184909807787843,1.0453209277924136,0.39352000235322254,0.6485536553775711,2.4528698886769,-0.03071673239985263,0.8293747607556883,1.2955102144798316,1.1430683238448678,0.3198953383983615,0.3563730362919748,0.5328528621382183,-0.35586622653205824,0.21957142420381262,0.18961283374800494,0.4450928237325815,-0.5226202229298603,-0.5698114480473591,0.48967780633048974,-0.06065302639822566,-0.2911756123253584,-0.5673773088864934,-0.694674094787563,-0.6393231004028421,-1.2552980621575316
Otu000028_rna,-0.6668202592360101,0.7965106543553386,0.37540316999734413,-0.5179848083135605,0.4177607734051596,1.3272578845058929,0.637352452667565,0.22435868570127948,0.8345161399553014,0.2091921025071613,0.22501367938018815,0.294079329439152,-0.1389523451580006,0.20448542578278495,-1.1366800250576954,-1.3150192358564932,-0.46821610197701163,-0.8491268362647274,-0.8874378509269667,-1.6944156848254572,-1.5568063937062633,-0.41615429196621656,-1.1684610355047689,-1.2313634598316905,-0.9802121016390145,0.1495791471929757,-0.1651682611606864,0.31612981475877383,-0.31203343608745,0.6554591133114327,1.1201034246734072,0.4428389092572875,0.6620512273791673,1.3417608899755167,1.3055137353316597,1.5461865581533298,1.7586339424287911,0.7390583262191912,1.0809402837744162,1.5879125979838715,1.210588394737768,0.7033395774793157,1.2578215345733572,0.013885306536990999,0.9305529903855715,1.1416206060845344,1.0568082704975472,1.331850772800167,0.883244682916627,1.3809487866547583,1.6350394430776647,0.36636624087599695,-0.23913136890115283,0.3424174487173382,-0.17077434901386285,0.058048083833293115,0.1378495699259346,-0.15821194344102735,-0.49838886561765755,0.6575019856081515,0.5035283910584085,-1.3272447776482508,-1.6622414590468817,-0.8846391926986369,-0.7045706998191482,-0.909078623553741,-0.6584694694990729,-0.6170819038005565,-1.0716924047724072,-1.0431789779546259,-0.4234107520604025,-1.5875646578671783,-0.7818043355791429,-0.23470655449373887,0.8119667686854416,0.6903315614634623,0.0038279437214808637,0.538901967365567,0.6867113132950688,0.6152217401288141,0.8508298443788568,1.234137688769988,1.4537357503232644,1.4339275183392404,1.0410460237746224,1.463109760183369,1.1620305434487712,0.7785647207340103,-0.1646715184413656,0.618534642860402,0.6610022015139639,0.5659027855875706,0.8430604155065909,1.0094213842576787,0.77477837271429,0.9097771880554599,1.2158213216133544,0.9871715858008335,0.3522093852152209,1.044576667908056,0.9837521489535592,1.3387506210651585,2.5817654010313467,0.5526386678451642,1.5780649990278102,1.987707995075636,1.3493523237483513,-0.31338237955055037,0.08398730555349815,0.18702117800673046,-0.5956660934693562,-0.3374996538447049,0.9509306223317373,0.9604567368474082,0.8146053686596069,-0.4277164517933365,-0.19032863727569305,-0.7373722065362988,-0.5874204603013535,-0.118678311400511,-0.9625537817931054,-1.242938643012268,-1.3709549799502578
Otu000028_rna_dna,0.1519622323672939,-0.08701785759706471,-0.3238028392668658,0.14974042086442896,0.35591296387733656,0.3472202236306329,-0.02671736995541707,-0.15575838109327,-0.16492717388486466,-0.5058167375370408,-0.308634679853832,-0.12184529149419937,-0.6946440357720773,-0.2087295516535032,-0.7487916236756123,-0.4703419272386409,-0.07929276462912088,-0.8602393467093633,-0.05330409936646707,-0.2778283754289328,-0.0693933936710176,-0.025307327244979028,-0.1095415472530934,-0.323408448886099,0.15276439173009282,0.4022260010498572,0.16424500943637532,0.8153781983121778,1.1630475235418303,0.8570150092291945,1.146115184405338,0.14041655369982547,0.05161038571365417,0.30875176452636954,0.361033101045111,1.093709627809214,1.390426194078976,0.16435518316486653,1.0818515018017014,0.846339407986514,0.4154477718635238,0.3323401480151334,0.7404400655211125,0.6485785021780914,0.8578582459078636,0.6710494590008921,0.8197482530013949,0.9142016373841539,0.5236690065077438,1.1803463213387233,0.8411493678288059,0.9344078478838225,0.7510579857998617,0.2274169426840585,-0.13679023507226373,0.12497816524849943,0.6134109910226153,-0.21733231222118551,-0.3439326498603013,0.09596045002183551,-0.21637960425906833,-0.20035530093895582,-0.7624488771355928,-0.20638853454879225,-0.49819757771972584,-0.11518077891297784,-0.08950212393001677,0.13263514178329128,-0.03315938588103107,-0.42165640979729113,0.07707877774211497,-0.7403454028821024,0.5202288320742119,0.7792184825200547,0.17559530608858698,0.1668251526136615,-0.6740471665342881,-0.6164119136240637,-0.5832624964185011,-0.5171734761944865,-0.37956063704592913,-0.23476528074243075,-0.2369656224649772,0.03668770800622667,0.25753165296924896,0.621579437534867,0.017076582309243804,-0.4811310606510222,-0.05906292379348184,0.2926558047595077,-0.33292663129671163,-0.9333699816866171,-0.8594371785906217,-0.5973127295220642,-0.9718113274334214,-1.3285165050391174,-0.749961631733284,-0.6664060561844579,-0.8327004225726222,-0.0007442598843576675,0.5902321466003366,0.6901969656875874,0.12889551235444685,0.5833554002450169,0.7486902382721219,0.6921977805958044,0.20628399990348356,-0.6332777179489119,-0.27238573073847666,-0.3458316841314878,-0.23979986693729793,-0.5570710780485175,0.7613177885837323,0.5153639131148267,1.3372255915894673,0.14209499625402255,-0.6800064436061828,-0.6767191801380731,-0.29624484797599515,0.4486989974859824,-0.2678796870055423,-0.6036155426094258,-0.11565691779272624
Otu000030_dna,0.21211162300985478,0.30593788886141576,-0.14828566835395204,0.7054448351433535,-0.39206968196628805,0.21035735128034572,0.6537239639381914,0.5701836727303194,0.5662874055868157,0.11430411630544933,0.4047454961399296,-0.5229659428580445,-0.9630111953811764,-0.2612749455191146,-2.646670871717736,-3.735049066514017,-1.708907697681828,-1.2713850569936112,-0.3537673352792175,-0.3679854413030761,0.2739753713165106,0.5161146718643991,-0.23793893618184517,-2.451641545816911,-0.23010878182709293,-0.30076610220108,-0.701934222985872,-0.6434566470193245,-0.22875923723676914,-0.4651735551597461,-0.4059135542804798,0.25095302032798156,-0.35088457322734307,-0.7197371317935651,-1.271883283260368,-0.20092992156631542,-0.6777608068328724,-0.6057391638614174,-0.3762988708981717,0.5121600256695523,0.8391321921557783,0.9893865348150186,1.4130843597701124,0.7299396686976107,1.3422259578419604,0.7684055909994412,0.9464677189278781,1.2561621662474836,1.094804802403142,1.2411909138677673,1.0478182628887824,0.8826410235778037,1.506423867319146,0.6197700931222287,-1.4851980211608053,-0.221935827562198,0.48405199276477306,-0.20160589368309453,0.11380777083732306,0.014359106641641148,0.6742818344907014,0.48524749269397033,0.32731479781630407,-0.10833611801384753,-0.5173662734196504,-0.06885730030486402,-0.6900452771222922,-1.2213219561965571,-1.5101379295040855,-0.15829862589697785,-0.7628537942700087,-1.8688705025170573,-0.4535045378800185,-1.196246593807748,-0.625870249853057,-0.17934958583710545,0.14709487196023374,-0.399990274361268,-2.370240472419085,-0.5610907495930113,-0.5180551307340092,-0.6701059251628991,-0.5229362341893078,-0.2566498646719204,0.378049262697209,0.22220305432382398,-0.23129006412686198,-0.6479931548500832,-1.8283751923889873,-2.142220693370725,-2.4161181641284624,-1.6256712377598093,-1.6801963160003832,-1.5162599393851757,-1.2127749292354049,-1.182098135823725,-1.7319283526351263,-1.3890633276384259,-0.9940613292390262,-0.9463874757693828,-0.10819503334230937,0.12700145387293732,0.6868297139177363,-0.1723672494628795,-0.08004833634297825,1.2997334485094896,0.6383776886463931,0.16197817577562623,0.06348939164412061,-0.2477062562018118,-0.7135895717550074,-0.03526785792052912,0.9567663759347342,0.32314705737258587,0.04067881042185884,-0.3438549553565346,-0.5081690350752163,-1.7863223837972906,-0.7203232050770819,-0.8617216311636906,-1.5302416153892768,-0.45785224548920056,0.2072398161774192
Otu000030_rna,1.0187732170454016,1.0323637932744978,0.9562830486862083,-0.007159184547569758,0.6808863626144102,0.9658250465482316,1.3458004781828108,1.1000802995263714,0.8967665319593991,1.12622330090904,1.0304480036715882,0.2765350197882424,-0.2813837887234726,-1.0714608781682404,-2.2998308348633762,-2.0526181789872724,-1.0102942692471066,-0.2910821405613459,0.21424192480900475,-0.19641733412556545,-0.5015445459117674,0.8543082536285522,-0.8872936440741818,-1.1869116972608567,0.3154640255602532,0.1921387616117717,-0.07947354005580347,-0.000781896007945522,0.901889699091654,0.6594195145275296,0.5542956664900637,-0.47544982527954066,0.03011477786411844,0.13192296619718266,-0.5507842550339664,0.9950096388637716,0.20725983094945175,-0.12664690886685748,0.7748245096337973,1.0353473680451155,1.0154578796512321,1.5331102121575593,1.8020128521831482,1.713271455634031,1.813190217218084,0.694482801575802,1.4255473523631363,1.541008082139637,1.6273287998393267,1.9545798572073019,1.8855425122876917,1.1073694426135774,1.87010383625746,-0.3194771883385027,-0.10780490315720317,0.40288857012502277,1.2603727468604253,0.3377435178455121,1.054376659717532,1.2005370828105235,1.5662436702379605,1.1576618721397496,0.7485572185873967,0.9384427476584591,0.10635951639718058,0.954139809656459,-1.0471274592908562,0.0368445636061075,-0.4437312040971574,0.3322810409995548,0.035502190491174826,-0.4607814922323723,0.4402890098599881,-0.35603231084688564,-0.10432396318871351,0.8151687591733832,0.9906488264014739,0.46257064917216284,-0.8367291441642758,0.11575065846574932,0.24202381225266228,0.3262471590210996,0.3832943386218512,0.6485741439125613,1.4508307930273032,0.7819387706701395,0.37265533079427204,0.37557180177123484,0.038927436799873996,0.56974447869097,-0.4449901944517684,-0.7200688539044507,-0.46445306776018536,-0.07658039681850136,-0.21926111203424256,-0.2530184450460786,0.23067613613605936,0.20929322506779266,0.44776590077642636,0.6735581342632305,0.7479234381120338,1.3381483928024525,1.9782038665035027,1.305691878630081,1.3674643715609767,2.298731167410577,1.329351657041682,1.1352652122863929,0.8344784803566343,0.6361642186998948,0.5336680939570552,0.7300096491891273,1.533606031367858,1.2305089842313444,0.11419862808685736,0.23094455269543954,0.4984229318112142,-0.6379997327230952,-0.3163225158651079,0.27663442524363546,1.115513189223564,-0.9486991700143279,1.1162013895717582
Otu000030_rna_dna,0.8066615940355468,0.7264259044130821,1.1045687170401604,-0.7126040196909234,1.0729560445806983,0.7554676952678859,0.6920765142446194,0.529896626796052,0.3304791263725835,1.0119191846035909,0.6257025075316586,0.799500962646287,0.6816274066577038,-0.8101859326491259,0.3468400368543598,1.6824308875267446,0.6986134284347214,0.9803029164322652,0.5680092600882223,0.17156810717751064,-0.7755199172282781,0.33819358176415315,-0.6493547078923366,1.2647298485560545,0.5455728073873461,0.4929048638128517,0.6224606829300686,0.6426747510113789,1.1306489363284231,1.1245930696872757,0.9602092207705435,-0.7264028456075222,0.3809993510914615,0.8516600979907478,0.7210990282264015,1.195939560430087,0.8850206377823242,0.4790922549945599,1.1511233805319692,0.5231873423755632,0.17632568749545385,0.5437236773425407,0.38892849241303584,0.9833317869364202,0.47096425937612363,-0.07392278942363917,0.4790796334352583,0.28484591589215347,0.5325239974361846,0.7133889433395346,0.8377242493989092,0.22472841903577367,0.3636799689383141,-0.9392472814607314,1.377393118003602,0.6248243976872208,0.7763207540956523,0.5393494115286066,0.9405688888802088,1.1861779761688824,0.8919618357472591,0.6724143794457793,0.4212424207710926,1.0467788656723067,0.6237257898168309,1.0229971099613229,-0.3570821821685639,1.2581665198026646,1.066406725406928,0.49057966689653265,0.7983559847611835,1.408089010284685,0.8937935477400065,0.8402142829608623,0.5215462866643434,0.9945183450104886,0.8435539544412402,0.8625609235334308,1.5335113282548094,0.6768414080587606,0.7600789429866714,0.9963530841839987,0.906230572811159,0.9052240085844817,1.0727815303300943,0.5597357163463155,0.603945394921134,1.023564956621318,1.8673026291888613,2.711965172061695,1.971127969676694,0.9056023838553585,1.215743248240198,1.4396795425666744,0.9935138172011623,0.9290796907776464,1.9626044887711858,1.5983565527062185,1.4418272300154527,1.6199456100326133,0.8561184714543432,1.211146938929515,1.2913741525857665,1.4780591280929607,1.447512707903955,0.9989977189010875,0.6909739683952888,0.9732870365107666,0.7709890887125137,0.8838704749017066,1.2472576657120626,0.7652775071096564,0.5768396554331237,0.9073619268587585,0.07351981766499852,0.5747995080519741,1.0065919668864305,1.1483226510741953,0.404000689211974,1.138356056407326,2.6457548046128405,-0.49084692452512735,0.908961573394339
Otu000032_dna,0.8613135716368091,1.0244385401078178,1.5338830326471464,1.394274841060188,-1.5341670825741365,-1.162170814075397,0.5297642563900788,0.8806023315031497,0.9298500220409707,1.0325646171546095,0.03617109829145648,-0.23886169175414765,-0.13202561235149923,-0.6184781514880926,0.2826163024281023,0.6917915839496572,0.24956543067419054,-0.5712203037750193,-0.8737990079529312,0.44957044988539,0.48559907879785896,0.7784234747528848,0.5444393781060428,0.362677848879343,0.11021702411011,-0.07480960951025556,0.2736730860447025,-0.4524014102566151,-1.2496927384612464,-0.9009858196572023,-1.1948932442465967,-2.1399246798117426,-2.475042953688975,-2.5552411499844774,-2.903300102413244,-2.4652938017401635,-2.7318845405284184,-3.114176311059612,-2.796666999548601,-3.8635969959907337,-2.8371684797512975,-2.4537750459461694,-4.369201176374032,-2.8037468960106233,-3.2313388887308,-3.01578404291882,-2.4875194855572684,-2.7810239821346685,-2.199659379789215,-1.2463165176202904,0.041188363932322954,0.6076504242031635,0.32575251541588496,-0.746230448657848,0.6901078704677677,-0.1982660834762933,-0.7063678451564595,-0.9217088842315682,0.11380777083732306,1.6418426215449162,1.2208255408587714,0.537752990071901,-1.6741652023938198,-1.4008117239160833,-1.5087330317341627,-0.6084946213094004,-0.15961118196792534,0.46460205079623257,0.2312275259725631,-0.4257779910312393,-0.43035770602843504,0.3159315548206049,-0.2904322559748749,0.5730400195682483,-0.053009235167613696,-1.0715427661322001,-0.6522745218550192,1.3447738262733782,0.6254918011349058,0.5495264851719217,0.10630559799086832,0.023041255397046188,-0.02495875290116606,-0.5908519527585945,-0.7131280474833827,0.0009304109454259842,-0.048968507332907335,0.38162626233107516,-0.6652243825833065,-0.17510833666480835,-0.2958546279283713,-0.2924867019538672,-0.40623113985441217,-0.9772634386524884,-0.7978310771726969,-0.5488490968448486,0.0941805966075662,-0.2904510389703162,-0.8532887753579439,-0.3245033152309281,-0.14712939131776415,0.7664444554610215,1.2907763062931465,-1.9861056254097096,1.309093677389424,2.4560503037198114,0.9947467754180371,0.4141308270729209,1.0209045494853632,0.9692587064177771,0.6656872167062368,0.875073005147391,0.5519615517726453,-0.3007797462961733,-0.591349555082041,-0.9654656855912641,-0.026254754803645683,-0.45377229868409064,-0.809118703860213,-0.3890477733620762,0.4258209051300544,0.38883752731465615,-0.3390073302833765
Otu000032_rna,0.6225321566916501,-0.30355618002376544,1.3567853674522437,1.5614567333662754,-2.6713034399410507,-1.5793216836171253,-0.09624968258469394,0.7880848093317128,1.4592730401884397,1.3225105385649667,-0.4726278907675964,-1.0951177913387002,-0.519698301045489,-1.0205407877409836,0.5175719031661974,1.2763342958015544,0.3626843158970118,-0.24799855442503413,-0.6218883068241887,0.10639361992251566,0.22887402944540952,-0.0532487982768482,0.12608821197529296,0.4938352428780256,0.16356915539700662,-0.07719417217181272,0.21182517286616595,-0.746114829738461,-1.18750217344135,-0.8849859276357164,-1.7702683332227573,-2.372569810165422,-2.0493267638157175,-2.478146826544824,-1.9370786161538571,-3.001354514998125,-3.1686197427284135,-2.9688693228654395,-3.90266633793392,-3.2578480529221507,-3.4898919710546483,-3.313043443273073,-3.2375337854075275,-2.1261808569592793,-2.682165102762801,-3.443346872586037,-2.9348177855295656,-2.028524614341733,-1.5758692123096443,-0.8771618162374578,-0.19389902939214432,0.32344119615896305,0.06455104489706923,-0.07502385043754183,0.30760346869129207,0.04323299804815253,-1.5436534130320874,-2.2339702397045667,-1.0175132921983434,0.4570311103085195,0.9061193440367104,0.3467316559234207,-1.4109270307659756,-1.474245694317742,-2.0908650609390387,-1.1603930518346472,0.23032812179488332,-0.27786618123359275,0.43346315922421236,-0.6609707320107285,-0.7429680330426324,0.5406670479820896,-0.4955518559369563,0.26054687171847546,0.20441151846089972,-0.8290985444023972,-0.546218393197791,0.9574050698118614,0.9790597497906147,0.46025506678422645,-0.007191979371322549,-0.2760935735806642,-0.6352752423727218,-0.7152473613552707,-0.860412362709857,-0.10309941769991117,0.17198463533212088,-0.5043512859320454,-0.8906085218243017,-1.1450539494009566,-0.8504553025599327,-1.4693055011154397,-0.9652283556726746,-1.599633695053781,-0.9783662603859853,-0.4747425497060621,-1.041301397303934,-0.9055268738271703,-1.1891394063582847,-0.12169426923386846,-0.44546725688336536,0.3121369169974933,1.426194820416382,-2.0987055057627453,0.7930440681621213,2.4843179611876134,0.7185754739148642,0.5616266933503007,1.0201243337995838,0.6419316169358115,0.3891576340501206,1.5170299894641794,0.9110079084476261,-1.0070668886284422,-0.2831031693821461,-0.8163744415851196,-0.663847208628873,-0.5394189040506476,-0.8462820942176426,-0.4511182844937854,0.019648155030593233,0.7215940181410473,-0.42274664510779764
Otu000032_rna_dna,-0.23878141494515903,-1.3279947201315832,-0.17709766519490278,0.1671818923060875,-1.1371363573669142,-0.4171508695417283,-0.6260139389747728,-0.09251752217143694,0.5294230181474691,0.28994592141035724,-0.508798989059053,-0.8562560995845526,-0.38767268869398974,-0.40206263625289096,0.23495560073809507,0.5845427118518972,0.11311888522282124,0.32322174934998515,0.2519107011287425,-0.34317682996287435,-0.25672504935244944,-0.831672273029733,-0.41835116613074985,0.1311573939986826,0.053352131286896615,-0.002384562661557163,-0.06184791317853652,-0.29371341948184587,0.06219056501989639,0.015999892021485884,-0.5753750889761606,-0.23264513035367917,0.42571618987325754,0.0770943234396535,0.9662214862593868,-0.5360607132579616,-0.43673520219999507,0.14530698819417243,-1.105999338385319,0.605748943068583,-0.6527234913033508,-0.8592683973269035,1.1316673909665047,0.677566039051344,0.5491737859679993,-0.42756282966721715,-0.4472982999722972,0.7524993677929355,0.623790167479571,0.3691547013828326,-0.23508739332446726,-0.28420922804420046,-0.2612014705188157,0.6712065982203063,-0.3825044017764756,0.24149908152444582,-0.8372855678756279,-1.3122613554729985,-1.1313210630356665,-1.1848115112363966,-0.314706196822061,-0.19102133414848033,0.26323817162784424,-0.07343397040165867,-0.582132029204876,-0.5518984305252469,0.38993930376280866,-0.7424682320298253,0.20223563325164925,-0.23519274097948922,-0.31261032701419733,0.22473549316148472,-0.2051195999620814,-0.3124931478497729,0.2574207536285134,0.24244422172980296,0.10605612865722824,-0.3873687564615168,0.35356794865570895,-0.08927141838769526,-0.11349757736219086,-0.29913482897771043,-0.6103164894715558,-0.1243954085966762,-0.14728431522647434,-0.10402982864533715,0.22095314266502822,-0.8859775482631205,-0.2253841392409952,-0.9699456127361483,-0.5546006746315615,-1.1768187991615724,-0.5589972158182624,-0.6223702564012926,-0.18053518321328843,0.0741065471387865,-1.1354819939115002,-0.6150758348568541,-0.33585063100034085,0.20280904599705968,-0.2983378655656012,-0.45430753846352817,0.13541851412323536,-0.1125998803530357,-0.5160496092273027,0.02826765746780202,-0.27617130150317293,0.14749586627737976,-0.0007802156857794618,-0.32732708948196565,-0.27652958265611616,0.6419569843167885,0.35904635667498086,-0.7062871423322689,0.30824638569989493,0.14909124400614449,-0.6375924538252273,-0.085646605366557,-0.03716339035742955,-0.062070511131709194,-0.40617275009946113,0.33275649082639114,-0.08373931482442115
Otu000034_dna,1.008068297436021,0.9919268427211907,0.7918699848252616,-0.645302765122157,0.7379588029352006,0.7108325641718285,0.25235554324735704,-0.20218228862125473,-0.7674186037661619,0.6068758485697123,0.6357561099802331,0.5193279152198413,1.1185000262371858,1.3646619662950208,1.5634895620248306,1.3442827588684736,0.9532684372834663,0.3324031228983701,-0.08166999384413486,0.011504180401827713,1.2016547501546744,0.11424798433576798,0.008921141749680547,0.21305821441168493,-0.34149341208830014,-0.37379123721596985,0.09969360056814305,0.6370154113183941,0.47403432037498155,0.46621994490016566,0.7632569597032185,-0.15627420277358203,0.7970267972459252,0.33105728252405175,0.2976380217682898,-1.018374818803838,-0.06465633394646368,0.5566846375516463,0.3865816476764488,0.2952860873689379,0.34504336074531156,-0.1801774898253757,0.03140184387278482,-0.146989989295964,0.38854769389618515,0.9975914567696136,0.4234715595416322,0.5747110254507296,1.0440897098241255,-0.03922358595811076,-0.31548658000640933,0.3482491248663296,0.02141155697746535,0.6815999377159547,1.2453611688353274,0.26218918090074783,-0.10373467213734597,0.520376836516738,1.10153360290811,0.5772212993328105,0.6174124379938052,0.6794035071349278,1.161759395017772,0.9151167842516468,1.3063711655322068,0.47721426252280136,0.972104065583351,0.6102333401964408,-0.07383314780953347,0.19599252668647818,0.7009158790181726,-0.3772156257393404,0.44866481477692627,0.34419844713940084,-0.2989674642479948,-0.19409186757430893,-0.09759701556017894,0.03109199811719652,-0.513942482053459,0.5143073017483304,0.428972226788276,0.15207151514077724,0.029562085977250987,-0.3772778524605352,-0.8822043775273166,-0.37461301729768925,0.09079343504225146,0.4295657246201943,0.41233449688697094,0.8927322933365477,1.017869040356684,1.4172078142198836,1.4520317021421454,1.2281579058879095,0.9489047106814031,0.3918330881534656,0.8671706646785288,1.0544272184328574,0.5989635535537442,1.0546634319647303,0.8142817758368606,0.43410161218181975,-1.6077690274436596,0.14806081595937282,-0.29326038015627137,-1.910749041712839,-0.3979922911444955,1.2837991315142543,1.0773397567070473,1.2317105787525107,1.2739015245023408,1.458397707930812,0.7015757905908154,1.2054185420492383,-0.25827098687626443,0.8497269716516861,0.8014233187139058,0.9162866845648381,0.6821789662696621,0.8327649490921909,0.24436477461252856,0.3870110427886218,0.9036443286076709
Otu000034_rna,-0.2412683925611084,-0.09537111263989143,-0.37230299481303547,-1.921978746532852,-0.2655341107117742,-0.17360923664013303,-0.937449963103779,-1.5301664004067324,-1.847161956807713,-1.0851647632870436,-0.567037575238671,-0.8309662162971133,-0.3010233176521564,0.27486622254458454,0.24961433606219524,0.026823362692563885,-0.4260411769262987,-0.8381977657325371,-1.70298701299959,-0.9743610513455876,-0.26582221239069753,-0.972379096659081,-0.9070962713703613,-1.277883475466583,-1.7241316075723832,-1.686632084605913,-0.7582319831636493,-0.5373600158763508,-1.4359635327398497,-1.160397907495683,-0.789439080211031,-1.0288350634643273,-0.47034805886632564,-1.1431457598124832,-1.1486212557895865,-2.212897154633855,-1.7823253816085232,-0.7380281347302351,-1.2285176885073914,-1.2296998056298651,-0.5721212389703693,-0.807517506282337,-0.8957279792602005,-1.1453516039475533,-0.7652424905807398,0.1308696732077589,-0.05241419728257793,-0.11160200215967232,0.13892921578228232,-1.8447458424991634,-1.38283395635354,-0.9470213494358058,-0.839905229330083,-0.5048804116698653,0.10543970784627692,-0.4478875546385057,-1.5602742942681278,-0.04001898771331656,-0.25939365688585986,-0.8925816841767661,-0.9449292904427721,-0.6213585713108758,-0.31231474209786597,-0.38662252722522733,0.037366644910229195,-0.5886067282789692,-0.3602498917445062,-0.6563026169538377,-1.29970214573779,-0.7861338749647347,-0.48403537387683737,-1.0320388551832806,-0.7818043355791429,-1.4707440184491762,-1.3895222074372353,-1.4373462811758562,-1.0296450427756674,-1.0600919859074502,-1.1344760032321974,-0.4232458422669377,-0.28860443880950815,-0.6711958946532822,-1.2543144507789454,-1.3864156351964407,-2.0499964295836937,-1.3462929351791284,-0.5848783596139323,-0.5043512859320454,-0.7654453788702958,-0.39783954757073564,-0.38742034263029057,0.2630305476418145,0.09948238131975368,-0.04694859921213021,-0.03516807559190587,0.1138318269343061,-0.13743318542833602,-0.021111350483464235,-0.6833899356241547,-0.2901129208588316,-0.23717021368615004,-0.7731195804890607,-2.7268116544543046,-1.3678179972199527,-1.758163661447119,-4.32692641741368,-1.3198580440375947,0.22928385007109903,-0.08154940488701554,0.19003777154615614,-0.13898979615041887,0.2406212883057211,-1.1911618843097658,-0.141450447717554,-0.6370717517231356,-0.7916818289947483,-1.5592312556837145,-0.14903290276960357,-0.13623310285509396,-0.5549150781754291,-0.6942897951984259,-0.6178449256973382,-0.029573175511189854
Otu000034_rna_dna,-1.2493366899971294,-1.0872979553610822,-1.1641729796382971,-1.276675981410695,-1.0034929136469748,-0.8844418008119616,-1.1898055063511361,-1.3279841117854776,-1.079743353041551,-1.692040611856756,-1.202793685218904,-1.3502941315169545,-1.4195233438893422,-1.0897957437504362,-1.3138752259626354,-1.3174593961759098,-1.379309614209765,-1.1706008886309072,-1.6213170191554553,-0.9858652317474152,-1.4674769625453719,-1.0866270809948488,-0.9160174131200418,-1.4909416898782681,-1.382638195484083,-1.312840847389943,-0.8579255837317923,-1.1743754271947449,-1.9099978531148312,-1.6266178523958486,-1.5526960399142495,-0.8725608606907452,-1.2673748561122509,-1.4742030423365349,-1.4462592775578762,-1.194522335830017,-1.7176690476620595,-1.2947127722818814,-1.6150993361838402,-1.524985892998803,-0.9171645997156808,-0.6273400164569612,-0.9271298231329853,-0.9983616146515893,-1.153790184476925,-0.8667217835618547,-0.4758857568242101,-0.6863130276104019,-0.9051604940418432,-1.8055222565410527,-1.0673473763471306,-1.2952704743021355,-0.8613167863075484,-1.18648034938582,-1.1399214609890505,-0.7100767355392535,-1.4565396221307818,-0.5603958242300546,-1.36092725979397,-1.4698029835095765,-1.5623417284365773,-1.3007620784458036,-1.474074137115638,-1.301739311476874,-1.2690045206219775,-1.0658209908017706,-1.3323539573278573,-1.2665359571502786,-1.2258689979282564,-0.9821264016512129,-1.1849512528950101,-0.6548232294439402,-1.2304691503560692,-1.814942465588577,-1.0905547431892404,-1.2432544136015473,-0.9320480272154884,-1.0911839840246467,-0.6205335211787384,-0.937553144015268,-0.7175766655977842,-0.8232674097940594,-1.2838765367561964,-1.0091377827359056,-1.167792052056377,-0.9716799178814391,-0.6756717946561838,-0.9339170105522396,-1.1777798757572668,-1.2905718409072833,-1.4052893829869744,-1.1541772665780692,-1.3525493208223918,-1.2751065051000396,-0.984072786273309,-0.2780012612191595,-1.0046038501068648,-1.0755385689163215,-1.282353489177899,-1.344776352823562,-1.0514519895230106,-1.2072211926708805,-1.119042627010645,-1.5158788131793255,-1.4649032812908476,-2.416177375700841,-0.9218657528930991,-1.0545152814431553,-1.1588891615940629,-1.0416728072063546,-1.4128913206527598,-1.2177764196250909,-1.892737674900581,-1.3468689897667923,-0.37880076484687114,-1.6414088006464342,-2.3606545743976204,-1.0653195873344417,-0.8184120691247561,-1.38768002726762,-0.9386545698109545,-1.00485596848596,-0.9332175041188607
Otu000037_dna,-0.6246264771623465,-1.0154613813185878,-0.9609133896460352,0.17762710530372275,-0.5409153095638531,0.17816141147985787,-0.21813880327329488,-0.4350085406518819,-1.1769904938269797,-1.8087236784324638,0.22978531286002832,0.14119370082864846,-0.6913406031723063,0.6053749832305305,0.44251457089336727,-0.8083096644469773,-0.0629757268171561,-0.5368526602708115,0.07322834956935406,1.041541221310083,0.10912150756294689,0.43973024887888773,0.24859399501510093,-0.6154303140180226,-1.223630861637238,-1.0080979177529816,-1.6286962547273225,-1.239029780627713,-1.2058260563556649,-1.3493759724824006,-0.6944663277015046,-1.4661955851088986,-1.1516624179796537,-1.2581779225925294,-1.111540633185189,-0.07882722476541552,-0.0508630118141278,0.01508735511890191,-0.16657833991610263,0.1617546947444152,0.17836642109887285,-0.04297636831189062,0.38438901473233233,0.2526099993598023,0.06449797727352921,-0.222576033476303,0.03820915875098716,-0.01890655976218262,-0.14838871507607526,0.41191155898324205,-0.11599721959008932,-1.2111783669931095,-0.7244861889680089,-0.7919004854910364,-1.1383270773186938,-0.8972783834886366,0.7584888384665334,0.42416185473767576,0.49238639676090284,-0.20348742131469855,-0.3305850450064344,-0.49648063678277315,-0.6281966472111324,-0.20734164178929654,-0.39888466979912696,0.2310811929838929,-0.3034591306115974,-0.17085901142603016,-0.5197392254762083,0.4570708536202831,0.4175091444167936,-0.2594325900829569,-0.4066491205985133,0.3997682982942117,-0.9003070955548174,-0.34906797047773475,-0.6755313840192864,-1.1741786649243393,-1.0619076527689066,-0.5360447176669236,-0.5899423602473253,-1.0174151131139895,-0.7621659232551419,-0.2796393828966192,0.4146833958769894,0.27330906525732024,-0.38211295386144556,-0.9869685216894145,-0.24596595234280622,-0.6493165971925757,-0.9497810953350352,-1.4376190062568697,-1.3987838565621975,-1.3827285467606527,-2.060072789622609,-2.052926493621123,-2.1454906709759105,-1.8911552714356619,-0.9940613292390262,-1.7692938830324272,-0.6087316862459105,-0.8090919052973975,-0.3136647187918501,-0.7191580219223852,-0.12475937898094895,-0.36604867519555184,-0.4480763955419069,-0.5709433302721304,-0.3117968611817733,0.14874398081013707,-0.6860016152361784,-0.5189235763345919,0.9327010434454872,0.7566566281877498,0.8590509214485734,-0.2702286401118596,-0.16322060987680312,-0.25170826316093486,0.24070342063846462,0.5880244307719378,0.49144109213836656,0.49438050807653766,0.15362563709311902
Otu000037_rna,-0.6159618420025191,0.04037413964465159,-0.0017067123556950537,0.8188612773923489,0.5716285277813865,0.9440512469986712,0.3637653887775357,-0.14606742985027743,-0.6995420890329086,-0.5893155937106103,0.8792988268480864,1.0073132685658346,0.07126801677400979,1.3030977144508946,1.0969121964493986,-0.16005401063725155,0.49671826318493006,0.05165970907346253,0.46963175353442926,1.4138332561265252,0.6839032955696949,0.8106536214307368,0.854203990372985,-0.13275117116358073,-0.6536901958709697,-0.2778648676339639,-1.0814589930348413,-0.5229712784242514,-0.7687918385831649,-0.22957907505861805,-0.35657499791475217,-0.1004439246560847,-0.3445786715772922,0.24314860130740718,0.2601459611823625,0.9613616047455389,0.8656208954239816,0.06460327867139856,0.5516809583195876,1.080749023824395,0.9107110491921688,0.8574902573065741,1.1980336161943839,0.9103734111149665,0.5525840712616901,0.5456371739782369,0.6407329832773673,0.6661025664283361,0.2786911581574411,0.6976846514270235,0.3938876355099747,-0.3785166140831372,-0.16157313455527839,-0.856278298507754,-0.6283132276396113,0.14260547186135625,1.430417363740724,0.793602639705083,1.3426416526171803,0.7236130107202141,0.2766879778628726,-0.40583894510732543,-0.3629584749166209,0.39881672219613723,0.41057089080017206,0.9678386540146208,0.7404566385267183,0.7349792856770918,0.44204690291560367,1.0448463074166017,1.3384957540179714,0.8051222698240542,0.5395704794414322,0.323509217657281,0.26503614027733463,0.3427171482890076,0.1957189515315863,-0.491242522025082,0.001947973179020798,0.2652823924367129,0.25662261167381506,0.3262471590210996,0.2655113029654678,0.44790344845041025,0.757683612467358,0.6905889920819115,0.4503643151215882,0.43314165359271284,0.012259189717712584,0.5078690749728825,0.4488276815703281,0.7819862974910554,0.8012133055710906,0.8351888503368078,0.4079281007339053,0.5503071717850309,0.5779646040664289,0.5653248753207833,0.1715125241482681,-0.06578663729557241,0.07998767689858453,0.09944278155762469,0.6575786088914694,0.28510502715388664,0.7414197027568141,0.26211438664452774,0.1437279913839423,0.3122807696420669,0.4139157473768762,0.8043546951946358,0.3964903891795124,0.4651513903026032,1.6097573445562412,1.6556577279465021,0.8742721869653686,0.4714798467215185,1.551982556538381,0.23971872436482022,1.048847274341923,1.7419243735225372,0.8580885615837357,1.2309425367640245,1.0033220414999044
Otu000037_rna_dna,0.008664635159827405,1.0558355209632393,0.9592066772903401,0.6412341720886262,1.1125438373452397,0.7658898355188133,0.5819041920508305,0.28894111080160445,0.47744840479407114,1.2194080847218536,0.649513513988058,0.8661195677371861,0.762608619946316,0.6977227312203641,0.6543976255560313,0.6482556538097257,0.5596939900020862,0.588512369344274,0.39640340396507523,0.37229203481644224,0.574781788006748,0.3709233725518491,0.6056099953578841,0.4826791428544419,0.5699406657662683,0.7302330501190177,0.5472372616924812,0.7160585022034617,0.43703421777249996,1.1197968974237826,0.33789132978675246,1.365751660452814,0.8070837464023615,1.5013265238999365,1.3716865943675514,1.0401888295109545,0.9164839072381094,0.04951592355249665,0.7182592982356902,0.9189943290799799,0.7323446280932959,0.9004666256184648,0.8136446014620515,0.6577634117551643,0.48808609398816083,0.7682132074545398,0.6025238245263801,0.6850091261905187,0.42707987323351637,0.28577309244378146,0.509884855100064,0.8326617529099724,0.5629130544127305,-0.06437781301671763,0.5100138496790825,1.039883855349993,0.6719285252741907,0.3694407849674073,0.8502552558562775,0.9271004320349127,0.607273022869307,0.09064169167544772,0.2652381722945115,0.6061583639854338,0.809455560599299,0.7367574610307279,1.0439157691383156,0.905838297103122,0.961786128391812,0.5877754537963186,0.9209866096011778,1.0645548599070112,0.9462196000399455,-0.07625908063693065,1.165343235832152,0.6917851187667423,0.8712503355508727,0.6829361428992573,1.0638556259479275,0.8013271101036366,0.8465649719211403,1.343662272135089,1.0276772262206098,0.7275428313470295,0.34300021659036867,0.41727992682459125,0.8324772689830338,1.4201101752821272,0.2582251420605188,1.157185672165458,1.3986087769053632,2.219605303747925,2.199997162133288,2.2179173970974606,2.4680008903565143,2.6032336654061536,2.7234552750423395,2.456480146756445,1.1655738533872944,1.7035072457368547,0.688719363144495,0.9085346868550221,0.9712433276833194,1.0042630490762718,0.866179081737763,0.6281630618400795,0.5918043869258492,0.8832240999141974,0.7257126085586495,0.6556107143844987,1.0824920044156907,0.9840749666371951,0.677056301110754,0.8990010997587523,0.015221265516795146,0.7417084868333781,1.715203166415184,0.4914269875257551,0.8081438537034584,1.1538999427505994,0.36664746944536913,0.7365620286874869,0.8496964044067854
Otu000041_dna,-1.8484019087844623,-2.3345469927450284,-0.7898682209200152,0.592460719988499,-0.42450495771944186,-0.6560437110909604,-0.8454394180356537,-0.699537308128946,-0.5025354462791869,-0.9228014606922893,-2.1178034952509464,-0.22816640263739976,-0.050040887144323795,-0.0940076033466987,-0.2731899570906526,2.761725923671846,0.36609924693014206,-0.05760138210341599,-0.7695952304229285,1.8591758898737276,0.26956035310739374,-0.8927836410699822,0.4618527870967687,0.6838526701122384,0.10443108704306603,-0.6922449683345046,-0.6678012166164137,-1.0986126017979658,-1.1394116134566574,-1.1315094782690347,-2.5253071469720307,-2.159342765668844,-2.3384674186832246,-1.8620939694245318,-1.3869526130451553,-1.9797859859584626,-2.1440978756263,-1.3712070060009887,-1.8315861035050136,-1.1390174929373131,-0.8912583306959844,-2.3202436533216466,-1.3246787386506094,-1.2456022779640736,-0.37231766071871114,-0.35319621589336725,-0.7383196307480091,-0.6024915378106016,-0.4140918808090809,-0.6867007296848677,-0.5321576168150017,-0.5489934120371311,-0.25448255972227324,-0.5302553868222508,-0.10501988705835082,3.5202857189222296,0.5297742421028682,2.6317638836937376,-0.5758851748545346,-1.3464657129377926,-0.9907259290982098,-1.0242353226492118,-0.7796482700692255,-0.32230061456906095,-0.6026638539315455,-0.932734289494979,-1.291790294275118,-1.2875713417377577,-1.3342472630404212,-1.5378133000314897,-1.0806133219590675,-0.6987992498668026,-1.4208943705300838,-1.131708072670177,-0.6392932701851978,-1.048012268722006,-1.1863570077852772,-1.8291046326640867,0.6204792593113614,-1.0282000208123825,-0.6540668884168639,-0.4457654856148432,0.01724160158921047,0.32225912619818103,-0.34540326735806526,-0.28364123909196254,-0.17302115600288615,0.18491596808502084,-0.6244023880630515,-0.12731767282845985,-0.0489945499968455,0.26452830428149815,0.17218777504410676,-0.12206039875817158,-0.6737784285027181,-0.3134354529388246,-0.1891818146996983,-0.28171735900156153,-0.43777333139627805,-0.46782271422161353,-0.21913992729403622,0.1318914391671291,0.2640331494579319,-0.26631965580674394,-0.4264556948075416,0.04576566059127129,-0.9419270735177652,-1.4924834180324291,-1.136579699201342,-0.8631803984435391,-0.7135895717550074,-1.3559649365546065,-0.23887487394847493,-1.595825435950919,0.9826864303011434,-1.1844338654949933,-1.4803997828317108,-1.8098528812074848,-1.3319205186729195,-0.980842459661734,-0.2951261637074871,-0.14911676383958722,-0.4875400178064113
Otu000041_rna,-1.2607124817006141,-1.3428290289055662,-0.26600833616341235,1.1191365328689566,0.29799557654478487,0.19596294840742476,0.06962751598288344,0.30591769389277984,0.5413494498217377,-0.5140325332900618,-0.6823484217496656,0.7158361251455021,0.4994019246948871,0.8049232082384629,0.48105669019110003,3.1027731538147765,0.8388685377732344,0.44213203259548545,0.4480481818672548,2.6536310251957054,1.3624374542839905,0.07933696779966738,1.4889791647110233,1.0914697939923026,0.8098958395505675,0.45876742486572025,-0.055606058649160066,-0.3770173658011715,-0.10909259209075968,-0.12903784583674072,-1.1949041883191955,-1.4430338515412462,-1.3314869706654007,-0.7917478729745949,-1.4670749869081214,-0.7395914165243347,-0.9173279441219185,-1.0794713840734684,-0.834613402800303,-0.3674762950259858,-0.5721212389703693,-0.849190202682905,-0.6725844279459907,-0.8734178884639118,0.4027983045191329,0.3255752892014352,0.3819622543200065,0.6033642257949128,0.5410554226249321,0.13443909544102206,0.7668434650528446,0.6187694008920996,0.4295247916504966,0.440609474896552,0.3125382689771404,3.2250112274870806,0.8299737324938454,1.6261400845091658,-0.1199146933363408,-0.061147487762729956,0.013397358535250755,-0.385636237789806,-0.6124193345482041,0.710146442948593,-0.14495491188372547,0.1362891505955564,-0.48751167135543355,-0.37867088035555846,-0.564757836499383,-0.4307931540391389,-0.322767226280715,-0.5277922025153325,-0.7536334586124466,-0.4567625581205496,0.257656032979712,0.027200276843782695,-0.40645645082263243,-0.9850567999645361,0.39684412993795115,-0.48013321666898917,-0.12733629121338577,0.35621194772303605,0.7887594467300156,1.1199972198125232,0.36080224805058503,0.49425669821835866,0.6828102590981114,0.3975507084900102,0.31336428250163423,0.7095064210661286,0.33671038344962195,0.6842440127181181,0.6188917487771359,0.7824634608679981,0.3433895795963341,0.24982082708726214,0.49383859141352177,0.2471526361112151,-0.08212370689379563,0.40007129457045665,0.7720969746461098,0.8829740235858391,1.217194396826892,0.6690639300410873,0.48288913985828175,0.957292024754855,-0.18424055937593087,-0.4281827354690099,-0.19851148983642639,0.07751197668774353,0.076322861583243,-0.7411995364283002,0.8723488352978755,-0.2993209086473444,-0.7385786980649719,-0.3308666258034189,2.3112511062532546,-0.3707961916148549,-0.3538056091198483,0.4471710138617124,0.6621516027717835,0.8971275204840028,0.5132440499281624
Otu000041_rna_dna,0.5876894270838482,0.9917179638394622,0.5238598847566028,0.5266758128804576,0.7225005342642268,0.8520066594983852,0.9150669340185371,1.0054550020217259,1.0438848961009246,0.4087689274022275,1.4354550735012808,0.9440025277829018,0.5494428118392108,0.8989308115851615,0.7542466472817526,0.3410472301429306,0.4727692908430924,0.4997334146989014,1.2176434122901834,0.7944551353219778,1.0928771011765968,0.9721206088696496,1.0271263776142545,0.4076171238800642,0.7054647525075015,1.1510123932002247,0.6121951579672537,0.7215952359967943,1.0303190213658977,1.002471632432294,1.3304029586528352,0.7163089141275978,1.006980448017824,1.0703460964499367,-0.08012237386296617,1.2401945694341279,1.2267699315043812,0.29173562192752023,0.9969727007047106,0.7715411979113274,0.3191370917256151,1.4710534506387416,0.6520943107046187,0.37218438950016186,0.7751159652378441,0.6787715050948024,1.1202818850680156,1.2058557636055145,0.955147303434013,0.8211398251258898,1.2990010818678464,1.1677628129292308,0.6840073513727698,0.9708648617188028,0.4175581560354912,-0.29527449143514906,0.30019949039097726,-1.0056237991845718,0.4559704815181938,1.2853182251750626,1.0041232876334605,0.6385990848594059,0.16722893552102147,1.0324470575176539,0.4577089420478201,1.0690234400905354,0.8042786229196845,0.9089004613821992,0.7694894265410381,1.1070201459923508,0.7578460956783524,0.1710070473514701,0.6672609119176373,0.6749455145496273,0.8969493031649098,1.0752125455657886,0.7799005569626447,0.8440478326995506,-0.22363512937341024,0.5480668041433934,0.5267305972034781,0.8019774333378793,0.7715178451408051,0.7977380936143421,0.7062055154086503,0.7778979373103212,0.8558314151009976,0.21263474040498934,0.9377666705646857,0.8368240938945884,0.38570493344646745,0.4197157084366199,0.44670397373302917,0.9045238596261697,1.0171680080990522,0.5632562800260867,0.6830204061132201,0.5288699951127767,0.35564962450248244,0.8678940087920701,0.991236901940146,0.75108258441871,0.95316124736896,0.9353835858478312,0.9093448346658233,0.9115263641635837,0.7576865141418343,1.0643006825634191,0.9380682093649155,0.9406923751312827,0.7899124333382503,0.6147654001263063,1.1112237092463504,1.2965045273035747,-1.7212651283661153,0.8535672396915743,3.7916508890849654,1.43905668959263,0.9781149095530712,1.4280134735234464,0.9572777664792707,1.04624428432359,1.0007840677345738
Otu000046_dna,-3.927843450464298,-2.9884734601516922,-0.7821660005579227,0.02768695801280794,-0.8749214536898726,-1.7996073876213363,-1.8868932928638147,-1.0653078175521635,-1.7427982520103236,-1.6951855471094053,-3.0420623967742784,-1.5327827327430232,-3.243737494562723,-4.414628060869326,-2.3043846652311033,-0.6592740852864895,-0.2666847839027128,-0.19173068207011557,-0.5632587974250999,-1.3689592604072696,-1.9729208158169467,-1.8209439484995211,-1.0896911469184292,0.9823456586682348,0.555888552696315,1.0515052817071897,1.2952196160521106,-0.9413476248413487,-0.6529774428148261,-0.8478035541968931,-1.291353510434159,0.9606872245627242,-0.6013663619930335,-0.7757517733482364,-0.39550915879165555,-0.48429233287357987,-0.31597076222736975,0.27745161958639303,-0.024078277308819552,0.6165766998226723,0.2807814265269425,-0.873324670385321,-1.0192970890994275,-3.4968940765705687,-2.595350122010803,-1.5494469741253927,-2.6210508781817907,-3.474171162694614,-2.7229075235537628,-1.0484907742903704,-0.3620065956413022,0.022234833322382505,-0.927010453079483,-2.0974334899664684,-3.0015455105288935,-0.8855823437254454,0.5920406308288689,-3.0401525837146735,-4.166324556155218,-3.0751670461987106,-3.948236989832003,-5.430954569913465,-2.5163479621142533,-1.5624530754724992,-1.4591360905947903,-0.49242245005664637,-0.8547019977364416,-1.9144691367565025,-1.7237120298021444,-3.1338281921334494,-3.247760444058009,0.8391796985851527,-0.19769020427626002,-0.4596143013080639,1.0124790060754634,0.30578292500493015,-0.5080249130104725,-0.2657106587313933,-1.9002368431733496,-1.2836518153592498,-1.2405299263884746,-1.5685920324035474,-1.8081344784378297,-1.5151108542819263,-0.5494986237015806,0.7033799841676845,1.2683329823000318,0.02622601582434335,-1.8283751923889873,-1.7706571369382416,-0.6933515663873587,-0.2307931329485273,0.2030782620634451,0.03769882072869637,0.28173301652471844,0.42733977661037537,0.5494660533792803,-0.5607413687102278,-1.1717425064764786,0.22532446633833178,-0.9203192795512458,-0.20751191826294257,2.9009653454525965,0.21665913230212508,2.0704751479472607,0.9407336229966052,-0.28661542730052364,-1.5963830130505807,-1.7348103232645442,-2.2674285631800255,-2.3805973360105854,-2.6087279050499745,-4.5739845888346045,-5.357025551644481,-0.2554421306757867,-1.1638145782922578,-3.5736346466438826,-4.294759530995485,-2.454924260465188,-2.566469723402116,-2.203186088631703,-1.83990031572764,-0.6053230534627949
Otu000046_rna,-3.271686224102989,-2.405073673402801,-0.09637193889677349,0.8813816343736829,-0.5973115030287794,-2.2153104503371224,-1.4673692456853493,-0.1727950787560922,-0.5082033385887652,-1.0519391156587232,-2.0466638761507805,-1.060828717860068,-1.8933342652934562,-3.8898591364393154,-1.5421451331658598,-0.21640694718838333,0.8330230096457985,0.38940664312667594,0.3945195360778849,-1.0866283532166687,-1.6929385680308433,-1.0615470412302621,-0.8971459405171934,0.7527679020438207,0.9990808412695046,0.7357542082007532,1.2419601868620462,-0.6771219582515096,0.1579701931582856,-0.7964325302942713,-1.4825862607709765,0.704742450380992,-0.9019243109781757,-1.091852465424933,0.16705553811635038,0.0431679227252976,0.7333529268462309,0.8326517674044617,0.7607727561781472,1.606604730996024,1.0848190074487345,-0.5884639402196524,-0.9151460651173021,-1.9720301771320214,-2.058010793689807,-1.3639053309062015,-2.1081392123450975,-2.539350238107724,-2.1148657130423314,-0.5125187026495485,0.6068788153601663,1.0864580566793942,-0.6050656382526819,-1.603492700337975,-2.616548001099715,-0.19116770779069175,1.6833213944882892,-2.4281262541455244,-3.994896427084137,-3.3606812156483854,-2.829906888502928,-3.1990469545498423,-1.571269680841155,-0.6506456253603615,-0.8670896293169231,-0.2159314429937958,-0.7563252595028317,-1.8602754212797739,-1.6288839490963234,-2.107889714947054,-3.6874070122090727,-0.5785645278887557,0.47014197300966915,1.7946722508544408,0.7773312720226851,1.1329554530242725,-1.2732671254334178,-0.10059249970205822,-1.1578688828069028,-0.7991968898619382,-0.7586080680552437,-1.6349889605124406,-1.5907866874001584,-0.00012127407655016638,0.41081266862524646,1.940864397105478,1.2664732068163684,0.1798272246451396,-1.2007634501281412,-0.9909032695736983,-0.6317661015951034,-0.3835966172832379,0.7118682052352406,0.39436264066917004,0.1500989914318056,0.46814177174154065,0.35114682939033487,-0.9353798369768516,-1.0926791401707225,0.616665254147625,-0.33590505437183904,0.7080325740895069,3.7871600211935057,0.6421345181624559,2.850870019366017,2.092090834266471,-0.0825195458678585,-1.1110734158617661,-1.5922187833454426,-1.869522399579851,-2.2845311395347787,-2.6871096854836134,-2.3989734649428676,-5.449718145118759,-2.083025949249362,0.32305984160324513,0.7872057198391808,-3.4016197849801157,-2.2101035994854743,-2.5935346253350096,-2.007677385510229,-1.6616489778704528,-0.5159647739398983
Otu000046_rna_dna,0.6561572263613091,0.5833997867488914,0.6857940616611492,0.8536946763608749,0.2776099506610932,-0.41570306271578605,0.41952404717846536,0.8925127387960713,1.2345949134215584,0.643246431450682,0.9953985206234979,0.4719540148829553,1.350403229269267,0.5247689244300107,0.7622395320652435,0.44286713809810613,1.0997077935485113,0.5811373251967915,0.9577783335029848,0.28233090719060083,0.27998224778610337,0.759396907269259,0.19254520640123574,-0.22957775662441404,0.4431922885731896,-0.3157510735064365,-0.05325942919006432,0.26422566658983915,0.8109476359731116,0.051371023902621826,-0.19123275033681764,-0.2559447741817321,-0.3005579489851422,-0.31610069207669667,0.5625646969080059,0.5274602555988774,1.0493236890736006,0.5552001478180686,0.7848510334869667,0.9900280311733518,0.804037580921792,0.2848607301656686,0.10415102398212539,1.5248638994385473,0.537339328320996,0.1855416432191912,0.5129116658366932,0.9348209245868899,0.6080418105114314,0.535972071640822,0.9688854110014685,1.0642232233570117,0.32194481482680115,0.4939407896284933,0.38499750942917865,0.6944146359347536,1.0912807636594204,0.612026329569149,0.17142812907108107,-0.2855141694496748,1.1183301013290752,2.2319076153636224,0.9450782812730982,0.9118074501121377,0.5920464612778672,0.27649100706285057,0.09837673823360993,0.05419371547672869,0.09482808070582105,1.0259384771863953,-0.43964656815106373,-1.4177442264739084,0.6678321772859291,2.2542865521625046,-0.23514773405277822,0.8271725280193423,-0.7652422124229453,0.1651181590293351,0.7423679603664468,0.4844549254973116,0.48192185833323087,-0.0663969281088932,0.21734779103767132,1.514989580205376,0.9603112923268271,1.2374844129377935,-0.0018597754836633396,0.15360120882079625,0.627611742260846,0.7797538673645432,0.06158546479225535,-0.1528034843347106,0.5087899431717955,0.3566638199404737,-0.13163402509291283,0.04080199513116528,-0.19831922398894547,-0.3746384682666237,0.07906336630575606,0.39134078780929316,0.5844142251794068,0.9155444923524495,0.8861946757409092,0.42547538586033085,0.7803948714187561,1.1513572112698656,0.20409588143266516,0.4853095971888146,0.14259153991910156,0.3979061636001746,0.09606619647580672,-0.07838178043363886,2.175011123891737,-0.09269259347427727,-1.8275838185735753,1.4868744198955028,4.360840366483063,0.8931397460153692,0.2448206609797139,-0.02706490193289346,0.19550870312147417,0.17825133785718705,0.08935827952289666
Otu000050_dna,1.8196368794576223,1.9998637879871901,0.6667068418712556,0.2167729148953047,0.7979768126614536,0.9867409157132405,0.7595769691405694,-0.47077576451051295,0.08104953176923213,0.7126553440178933,0.8063816270109965,0.02845307787319943,-0.2837724448673631,-0.8542506509749097,-1.9535236911577905,-2.3487547053941262,-0.23781679990186064,-0.2357475674868899,-0.8737990079529312,-1.3689592604072696,-0.8882947691235765,-0.40523570217333715,-0.7267856532290607,-0.25948027043723876,-0.01892839657115826,0.021521499428176633,-0.4353055597319235,0.8810327303430349,1.2430308132183645,0.6316254963841827,0.6698104112773173,0.15105486706199533,1.0140461761299546,0.4717061429174383,-0.022230737179392546,-0.06739852894179275,-0.2982711851279688,-0.4351136468306539,-0.5856491000800456,-1.2609073105463502,-1.3555639388270821,-1.1038483289971535,-0.7856822379179221,-1.0545470412013644,-1.2696803827073473,-1.224024573690765,-1.4759185738787883,-0.961865538718499,-0.7769973744984494,-1.4931765955518161,-0.6519588166276223,0.2819997393251289,1.6658044844451425,1.6883223149845374,2.2176083913278144,0.1815312778832933,0.3986342416104212,0.7440370502035879,0.46353824242324443,-0.9509114887290823,-0.8127427739028532,-0.529390370871571,-0.6952608777916781,-1.3428244662657338,-1.1554536767965684,-1.4155860612185633,-1.1673361198017123,-0.6727560044477195,-1.8414950654585278,-0.8514458064569231,-1.3308378318759477,-1.50114572239174,-0.8571263274938937,-1.2187194496598066,-0.41075887023611163,1.151792955207705,1.313953270441163,0.47097733011184023,-0.05770504857187157,-0.40383929208750485,-0.5837503899994041,-0.6821542636790734,0.21527923177234393,-0.5751035957904551,-1.7472018150139212,-0.9705964494039867,-0.9244372446868073,-0.9191459253506535,-1.591986414324757,-1.2878053652146568,-1.597807840614511,-1.3820491551020588,-1.813727708624906,-1.252675418512455,-1.3669256090626631,-1.829782942306913,-1.7481888735069069,-2.136277729468647,-3.368967083812698,-2.0137472209333884,-2.2340429478363006,-2.706211890183279,-3.6001991921338656,-2.614714284832084,-3.087253011059206,-2.6497057583040786,-1.6450245849308787,-0.8092536741298298,-0.6601035554499891,-0.8179553004386032,-1.1438347088616585,-0.8262708284842329,-0.028918326916218984,0.423717964147848,0.3491516525427134,-0.5203508178789593,0.5973279623703904,-0.07735487601615706,-0.78791649620961,-1.102397661239541,-0.046783505815738584,-0.5895615908437783,-0.1543411065301677
Otu000050_rna,1.597656545109377,1.5858925343654644,0.17522399580338313,0.04413410983998073,0.9182359862966424,0.9250030520279767,0.5736946008955874,-0.8067793346570687,-0.0361819976395502,0.24912481284253235,0.41996072879977026,-0.329109262513883,-0.8496630946566475,-1.0064560478592444,-1.9633585982421635,-2.253288874449423,-0.624420170616112,-0.5893017183159127,-0.9841314757294377,-2.012869415943992,-0.8913107444768281,-0.281604396452766,-0.7331429642469234,-1.0643093751685242,-0.2970152519322374,0.02634650676902768,-0.797071816479913,0.7297916900711167,1.2355290726285628,0.2676935823026691,0.28100233149038234,-0.15699609416100593,0.3798909801116942,0.13192296619718266,-0.5507842550339664,-0.3067273342280559,-0.30641886179894534,-0.6740062759653042,-0.6837905130657194,-1.5714490993519217,-1.6981325018265934,-1.2336019015932371,-1.3812357950419014,-2.3085024137532346,-1.5400677021549523,-1.9029018316388886,-2.047514590528663,-1.4978963632795628,-1.79209232077928,-1.521518832627971,-0.9527975875148702,0.056974962857454674,1.167123734781276,1.213245806514736,1.6891160975086679,-0.13610793060766432,0.1983538909903446,0.7135599320315467,0.017383182083658754,-1.3065574819528392,-0.7000344931962003,-0.7003469826295062,-0.6994307115378339,-0.960146745206782,-0.9922527722709292,-1.5376872829761152,-1.2244614745737716,-0.8071255066884214,-1.877779996512948,-0.9845848136885729,-1.4648646268885634,-1.5875646578671783,-1.3414201235145655,-1.9642424760426638,-0.4732314755630803,1.0120536801552342,1.0119262248487586,0.2165034579560161,-0.4100318159503371,-1.0495530047010326,-0.8419896769942947,-1.4847067574631025,-0.561167270219,-0.8083377844212826,-1.916465036959171,-1.2211297922251223,-2.2765543702850044,-2.1318077038688243,-2.9055115423665665,-2.2436662380690664,-1.712678813163812,-2.424816946142876,-2.25621253698824,-2.133716180984039,-2.4599708013102006,-3.2262778627480113,-3.356309010296537,-2.3950054711822917,-3.1606919860269356,-3.022116362983535,-2.8398598991305337,-2.8575486636799354,-3.7076409074660313,-2.8310733994759714,-3.5827129534981648,-2.8918418921243574,-1.3875762180925457,-1.3393320678427463,-1.1788484957301648,-0.7552847930086602,-1.4090624021808784,-1.4290696598874018,-0.1356090851021032,0.3508885141729822,0.44988991972499887,-0.7916818289947483,0.2774796014066069,-0.7831817425675931,-1.0609390316545337,-0.8495658199433033,-0.1952986290794381,-0.49849816806477215,-0.1943811498124362
Otu000050_rna_dna,-0.22198033434824538,-0.4139712536217257,-0.4914828460678725,-0.17263880505532397,0.12025917363518879,-0.061737863685263794,-0.18588236824498194,-0.3360035701465558,-0.11723152940878233,-0.46353053117536097,-0.3864208982112262,-0.35756234038708246,-0.5658906497892844,-0.15220539688433465,-0.009834907084373068,0.09546583094470318,-0.3866033707142513,-0.3535541508290228,-0.11033246777650652,-0.6439101555367224,-0.0030159753532515987,0.12363130572057113,-0.006357311017862632,-0.8048291047312854,-0.27808685536107913,0.004825007340851048,-0.3617662567479895,-0.1512410402719182,-0.0075017405898016865,-0.36393191408151365,-0.388808079786935,-0.30805096122300124,-0.6341551960182604,-0.3397831767202556,-0.5285535178545739,-0.23932880528626316,-0.008147676670976545,-0.23889262913465026,-0.0981414129856738,-0.3105417888055715,-0.3425685629995112,-0.12975357259608367,-0.5955535571239793,-1.2539553725518702,-0.27038731944760497,-0.6788772579481237,-0.5715960166498746,-0.5360308245610638,-1.0150949462808305,-0.028342237076154797,-0.30083877088724786,-0.22502477646767421,-0.49868074966386655,-0.47507650846980143,-0.5284922938191465,-0.3176392084909576,-0.20028035062007662,-0.03047711817204124,-0.4461550603395857,-0.3556459932237569,0.11270828070665295,-0.1709566117579352,-0.00416983374615576,0.3826777210589518,0.16320090452563918,-0.12210122175755189,-0.05712535477205938,-0.13436950224070188,-0.03628493105442021,-0.13313900723164973,-0.13402679501261572,-0.08641893547543833,-0.4842937960206718,-0.7455230263828572,-0.06247260532696869,-0.13973927505247086,-0.30202704559240434,-0.2544738721558241,-0.3523267673784655,-0.6457137126135277,-0.2582392869948906,-0.8025524937840292,-0.776446501991344,-0.23323418863082745,-0.16926322194524968,-0.2505333428211356,-1.352117125598197,-1.2126617785181708,-1.3135251280418094,-0.9558608728544096,-0.1148709725493009,-1.042767791040817,-0.44248482836333425,-0.8810407624715841,-1.0930451922475375,-1.3964949204410984,-1.60812013678963,-0.25872774171364465,0.2082750977857626,-1.0083691420501464,-0.6058169512942331,-0.15133677349665664,-0.10744171533216562,-0.21635911464388746,-0.49545994243895874,-0.24213613382027876,0.25744836683833294,-0.5300783937129164,-0.5187449402801757,0.06267050742994296,-0.2652276933192199,-0.6027988314031688,-0.10669075818588422,-0.07282944997486579,0.10073826718228546,-0.27133101111578894,-0.31984836096378355,-0.705826866551436,-0.2730225354449237,0.2528318412962377,-0.1485151232636995,0.0910634227790062,-0.04004004328226851
Otu000051_dna,-0.3223456052894129,-0.1874468025913775,-0.377553770966276,-2.4392819910885253,-0.4355547939060269,-0.38898092584191524,0.09602205218505284,-1.6945511961326285,-1.7647771587290986,0.20049360970613914,-0.22068351036506495,1.0574844327028035,1.9831709568007567,0.8538363425290302,0.601169166136557,0.7231667065174112,-0.3181983183528207,-0.9389450839003367,-1.0572773028747096,-0.8816641340514733,-0.14367825333415093,-0.6953361554893998,-0.30693180766879663,0.12027648096071877,-0.5829301564498354,-0.1939981267753739,-0.17868607922132432,0.2543823452528756,-0.01307477677369308,0.11746704117383013,0.7159255849974465,-0.08728133128663064,1.274748025126738,1.066168662183029,0.9492087754824947,-0.2140020031336681,0.8897861638920677,1.006021629988823,0.8006452610398451,0.6250393737414061,0.9761385527376906,-0.017658560327600763,0.45911256092826885,0.0726386199108013,1.108128131524286,1.3323410400793803,1.2075905183073044,1.3434186112447117,1.5887301763043722,-0.3176032657475781,-0.4772418592188871,-0.2900214454677815,-1.0121682614197896,-0.9108524283524018,-1.0556353614735805,-1.3325964547464821,-2.3550264707438413,-1.1967211039422971,-0.7243051799728079,-0.966976091232889,0.2620370393971582,0.5580068469763987,1.3791100264391976,0.5235458667534959,0.04851912752936759,-0.3761626439407844,0.16850446006234615,0.3906767770992169,-0.15311395068430803,-0.711979678312586,-1.0806133219590675,-1.8688705025170573,-0.5143598136012932,-1.744812545556586,-1.5760625334028935,-1.0025498946452485,-0.2898689032073017,0.3399490677054362,-0.30337771294610943,0.25144847742901816,0.1277459292287378,-0.1640822313923156,-0.1783912998429836,-0.18010978754958618,-0.4254459750316018,0.27330906525732024,0.9504371312517543,1.1684589269683434,1.1265350866447486,1.7424311152612895,1.453692992490374,1.984314273884464,2.212134056082027,1.9941002438845448,1.3455591891074126,0.9259986616164871,0.521059799219547,0.8037656382247556,0.3980301495651904,0.7816561790725646,0.811431417612504,-0.4119950468597497,-2.9940633885635504,-1.1316902972536422,-1.8910022528271804,-2.108108475871334,-0.7128605039004334,0.1544023819671687,-0.36438931130094393,-0.26516547757358033,0.01223463483123819,-0.4208057203760686,-1.6929152236007536,0.07012468674652363,-1.0621440107825946,0.8008686852709808,0.24651670491238112,0.9454746244715271,0.7654319495734467,0.005244034147963039,-0.5057372988748892,-0.9068024655371036,-0.17087040848137824
Otu000051_rna,-1.5301885896558227,-1.4197900700416948,-1.4897837677855281,-3.17474171502822,-1.746354645323781,-1.1544384896518594,-1.2040786263577277,-2.52869523051786,-2.8989429457917235,-1.528500145450618,-1.518596445950284,-0.21192700789088983,1.0595102021748612,0.004508933750109563,-0.4027108499774951,-0.6218720552965478,-1.5792124498448428,-1.4281607100572515,-2.3553121990392802,-2.2677616655727824,-1.612895860357307,-1.7916377369818914,-1.3075738379674868,-1.2088906039796319,-1.5699809277451247,-1.5587987130960284,-1.3691410654866223,-0.5229712784242514,-1.767320668694292,-1.4399827697148446,-0.44113238594281534,-0.5267431196670912,0.2176311515351772,-0.09860069241464955,-0.14531914692580195,-1.51974997407391,-0.6630938057376777,-0.14932361753788725,-0.42142624859822836,-0.6776312233298254,-0.10550170770887417,-0.572203419347872,-0.7038369714500952,-0.33442138773122465,-0.18072915102358986,0.4753206755607772,0.26093562191778075,0.5287026970258932,0.7621902688780612,-1.9559714776093877,-1.8739545090401981,-1.7271799069853808,-2.063680660952199,-2.702104989006085,-2.5778334889190244,-2.775165260222923,-3.3464627184467273,-2.149412851676504,-2.4224997863303863,-2.107918247153017,-1.697393048159137,-0.9132689798721778,-0.24085577811572104,-0.8666206871959586,-1.5030783960369198,-1.6712186756006377,-1.209646388788631,-0.8306560040986156,-1.173821899848787,-1.3424218728074826,-1.9216230293842784,-1.9648588890086462,-1.4139908163494008,-2.02755475545699,-2.4503941681224983,-1.5096669427554823,-1.3447260894155626,-0.521095485174763,-0.9217915827081248,-0.5936570429659764,-0.6101880629369703,-1.071519603261028,-0.36701125577804267,-1.2638133131041085,-1.693321485644961,-1.0098206985579155,-0.21513133410784707,0.013591805602809396,-0.19746134126435644,0.025017303249297903,0.1671879235745097,0.6385739758849296,0.6834302699147071,0.42214220477624564,0.3494318940522968,0.28692457729063925,-0.07916427730436029,-0.0880819765896479,-0.7794637657137768,-0.18890301892731845,-0.4667446553306503,-1.998887044642417,-4.806253196134141,-2.648751842682017,-3.805856504812375,-3.45145768005978,-2.3329481592675427,-1.191796627134207,-1.4586873907209197,-1.7720670634291378,-1.7499889891514715,-1.534430175545228,-2.9490198018621396,-1.3721807012130391,-1.2171660710020986,-1.0087463342325755,-2.528631812871818,0.059641837424689474,0.011512430974903887,-1.8050772649707396,-1.735743670026587,-1.6224282647171715,-1.1106718816865913
Otu000051_rna_dna,-1.2078429843664098,-1.2323432674503172,-1.1122299968192522,-0.7354597239396945,-1.3107998514177541,-0.7654575638099441,-1.3001006785427804,-0.8341440343852313,-1.134165787062625,-1.7289937551567571,-1.2979129355852193,-1.2694114405936934,-0.9236607546258955,-0.8493274087789207,-1.0038800161140522,-1.345038761813959,-1.261014131492022,-0.48921562615691483,-1.2980348961645707,-1.386097531521309,-1.469217607023156,-1.0963015814924917,-1.0006420302986903,-1.3291670849403507,-0.9870507712952893,-1.3648005863206545,-1.190454986265298,-0.777353623677127,-1.7542458919205988,-1.5574498108886747,-1.157057970940262,-0.43946178838046057,-1.0571168735915608,-1.1647693545976787,-1.0945279224082967,-1.305747970940242,-1.5528799696297453,-1.1553452475267103,-1.2220715096380734,-1.3026705970712316,-1.0816402604465647,-0.5545448590202713,-1.162949532378364,-0.40706000764202593,-1.2888572825478757,-0.8570203645186031,-0.9466548963895236,-0.8147159142188185,-0.826539907426311,-1.6383682118618097,-1.396712649821311,-1.4371584615175994,-1.0515123995324094,-1.791252560653683,-1.522198127445444,-1.442568805476441,-0.991436247702886,-0.9526917477342067,-1.6981946063575784,-1.1409421559201278,-1.9594300875562953,-1.4712758268485766,-1.6199658045549186,-1.3901665539494545,-1.5515975235662873,-1.2950560316598534,-1.3781508488509773,-1.2213327811978325,-1.020707949164479,-0.6304421944948966,-0.841009707425211,-0.09598838649158892,-0.8996310027481076,-0.2827422099004042,-0.8743316347196048,-0.5071170481102338,-1.054857186208261,-0.8610445528801992,-0.6184138697620154,-0.8451055203949946,-0.737933992165708,-0.9074373718687123,-0.18861995593505906,-1.0837035255545224,-1.2678755106133592,-1.2831297638152357,-1.1655684653596015,-1.154867121365534,-1.323996427909105,-1.7174138120119915,-1.2865050689158644,-1.3457402979995343,-1.5287037861673198,-1.5719580391082992,-0.9961272950551158,-0.6390740843258479,-0.6002240765239073,-0.8918476148144034,-1.1774939152789672,-0.970559197999883,-1.2781760729431544,-1.5868919977826672,-1.8121898075705904,-1.5170615454283747,-1.9148542519851945,-1.343349204188446,-1.6200876553671093,-1.3461990091013758,-1.0942980794199757,-1.5069015858555574,-1.7622236239827096,-1.1136244551691594,-1.256104578261386,-1.4423053879595629,-0.15502206021950404,-1.8096150195035563,-2.7751485177841992,-0.8858327870468377,-0.7539195185985429,-1.8103212991187028,-1.2300063711516978,-0.7156257991800679,-0.939801473205213
Otu000058_dna,-2.0715454600986716,-2.4179286016840793,-0.1044830456955591,-0.8651258927990644,-2.5374691914379213,-3.55746530517371,-4.023493248383599,-1.4068691236808477,0.971032312007386,-1.1082718634936313,-3.002841683620997,-4.078314004347458,-2.811604139372397,-3.6643224664694314,-2.4441466076062617,-2.1256111540799165,-1.9936442599038524,-1.2855696919855675,-2.2204281126803904,0.03462659782268177,-0.9613199041384666,-1.7215714746863173,-1.2973305116966736,-1.2386189059710575,-1.4162239687530225,-1.9243886496271367,-0.4460008488486714,-2.8187625386478974,-1.46947870408061,-1.6283243649654269,-2.5038009417510674,-0.7632922296035888,-2.8564105102180792,-0.8307339077655896,0.017469132667291994,-0.37034807352436216,-3.2427101642944094,-2.495137102653388,-2.1035198189886555,-1.7533837956441443,-1.8075490625701396,-1.914778545213482,-2.982906815254142,-0.07916739295720296,-2.209687641198818,-1.2811829875307135,0.5920942719774249,-0.9092218052330769,-2.276620420925343,-0.40798732721584724,-0.921622383576725,-0.9735067151159899,-0.6067031533116253,-1.8271431602265567,-0.46257163947061775,-1.6510501858650168,-4.657611563737887,-3.2408232791768246,-2.719405573218893,-3.2574886029926655,-3.725093438517793,-3.0795793127499875,-2.958180714393292,-2.4700101273778996,-2.2189746456534083,-2.384986618406667,-3.3592556449082385,-2.245826272710945,-0.45074635398925705,-2.951506635339495,-2.8203164292310694,-1.763509986859231,-2.4721044203036096,-1.032617170025946,0.0935942390242616,-1.048012268722006,-1.7004559568962367,-2.083996882292877,-2.7269154163578175,-3.6165422578486246,-3.0322893956165298,-2.6526055216505044,-4.085401763447585,-2.0259364780479165,-1.4752680995302794,-2.0692087380720965,-2.197402920499695,-1.5335122280574844,-1.4009311775620477,-2.6530463171367153,-1.4105962985263645,-1.255297449462915,-1.6801963160003832,-1.4252881611794488,-1.3341357862396723,0.7964946606619469,0.46529622470109283,-0.23085894176807045,0.5628585489116278,0.07526377176259859,-0.20326657813774612,-0.024429615901678928,2.0618928554681264,1.1849795356221426,2.3417551790528224,1.7505137528296966,-1.4710712778074404,-1.9730691566087017,-1.516402376696169,-1.0462139524195835,0.7492448664872177,1.6915763713860683,-3.4213050788962196,-5.357025551644481,-0.21394239976903398,-3.733879036420565,-2.679816770621786,-2.4120282835617033,-3.111703796854259,-3.148391268851837,-3.4761517644445905,-2.253876113503713,-1.6261576410882201
Otu000058_rna,-1.7104504134867669,-3.657836641898169,-0.1398570508365123,-0.6490130707199645,-2.6713034399410507,-4.412535027673342,-3.6889852761457282,-1.6413920355169567,2.026604254309723,-0.521695406035631,-3.57272017964583,-3.4700235459123716,-2.9104535197103827,-4.177541208891096,-1.8723868200364366,-2.5046033027303296,-1.7861331656521653,-0.3627740690174623,-1.4798434616853804,-0.5255991374840991,-0.5737069921599979,-1.7598890386673112,-1.4179218951363521,-1.4320341552938414,-0.7049834902585201,-1.944461193908013,-0.35594652797286447,-3.3851721593537194,-2.7016299060711257,-2.47607470140162,-2.1757334413309217,-2.012567076134015,-2.4060017077544495,-1.8903601616427048,-1.2439314355939117,-2.045843069970689,-3.1686197427284135,-2.3983244643978265,-2.6499033694385523,-2.46939069255788,-2.3912796823865388,-3.313043443273073,-3.4606773367217376,-0.2290608720733984,-2.6176265816252298,-2.4625176195743115,0.7065207238153706,-0.8971225028506328,-2.7614928779673837,-0.4783856962800899,-1.002559097073934,-0.7364565803284562,-0.9989699239597706,-1.6606511141779237,-0.4310882653430818,-1.025965405413664,-3.569606269760937,-3.362435491522358,-3.7537343702672494,-4.9701191280824855,-4.405443249261347,-2.3517490941626384,-1.8163921388741402,-2.6947478005948886,-2.0908650609390387,-2.076683783708802,-1.9951668894795915,-2.003376264920447,0.7021073980574551,-2.185851256416766,-2.2633723231063354,0.07744310572173291,-1.457953939770517,-0.733633714468115,0.6947155065060935,0.18135095667104098,-1.5050687394907423,-1.3785457170259847,-1.451485690778498,-2.9127714379112324,-2.3680459804893443,-2.3555351152605,-3.200224599834259,-1.5261775775715993,-1.0514675994725662,-1.5286144919730829,-1.9198794263462722,-2.1318077038688243,-1.4014341455902923,-2.9368134186290114,-1.7667460344340877,-2.2424953893489215,-1.4352319849184103,-1.922407087316832,-1.207207832814833,0.3510491054601778,0.26469302141431367,-0.06666788208583133,0.17798503865388574,0.0480485053532261,0.1305545664391673,0.44566830962201603,2.4433171638797044,1.4450370096063607,2.4603948267616556,2.1619745163412767,-0.9885009080831523,-1.9679407272651204,-0.875541105375303,-0.95796727245153,1.1753543495867727,2.809299295979934,-2.5215757870352,-4.756570964558813,-2.2818768079945273,-2.7134944264710006,0.0398079495294874,-2.256487480677113,-3.1263943313596294,-4.020650980975156,-2.9084639308484186,-2.4826295299402834,-1.9614480064501196
Otu000058_rna_dna,0.3610950466119047,-1.2399080402140896,-0.03537400514095318,0.21611282207909988,-0.13383424850312942,-0.855069722499632,0.334507972237871,-0.23452291183610896,1.0555719423023369,0.5865764574580002,-0.5698784960248333,0.6082904584350866,-0.09884938033798552,-0.5132187424216648,0.571759787569825,-0.3789921486504131,0.20751109425168712,0.9227956229681051,0.74058465099501,-0.5602257353067809,0.3876129119784687,-0.03831756398099384,-0.12059138343967857,-0.19341524932278387,0.7112404784945023,-0.020072544280876237,0.09005432087580695,-0.566409620705822,-1.2321512019905156,-0.8477503364361931,0.32806750042014565,-1.249274846530426,0.4504088024636297,-1.059626253877115,-1.2614005682612037,-1.6754949964463268,0.07409042156599588,0.09681263825556163,-0.5463835504498968,-0.7160068969137359,-0.5837306198163992,-1.3982648980595909,-0.4777705214675958,-0.14989347911619544,-0.40793894042641154,-1.181334632043598,0.11442645183794564,0.012099302382444166,-0.48487245704204085,-0.07039836906424268,-0.08093671349720899,0.23705013478753367,-0.3922667706481453,0.166492046048633,0.031483374127535935,0.6250847804513529,1.0880052939769498,-0.12161221234553343,-1.0343287970483566,-1.71263052508982,-0.6803498107435537,0.7278302185873491,1.141788575519152,-0.224737673216989,0.12810958471436962,0.3083028346978649,1.364088755428647,0.24245000779049786,1.1528537520467121,0.765655378922729,0.556944106124734,1.8409530925809638,1.0141504805330925,0.2989834555578311,0.6011212674818319,1.2293632253930469,0.19538721740549447,0.7054511652668922,1.2754297255793194,0.7037708199373922,0.6642434151271854,0.2970704063900045,0.8851771636133261,0.4997589004763172,0.4238005000577132,0.5405942460990136,0.2775234941534228,-0.5982954758113399,-0.0005029680282446769,-0.283767101492296,-0.35614973590772325,-0.9871979398860065,0.2449643310819729,-0.4971189261373832,0.1269279534248393,-0.44544555520176904,-0.20060320328677916,0.16419105968223913,-0.3848735102577421,-0.02721526640937249,0.3338211445769134,0.47009792552369495,0.38142430841157804,0.2600574739842181,0.11863964770883317,0.4114607635115801,0.48257036972428813,0.0051284293435813755,0.6408612713208659,0.08824667996805347,0.426109483099555,1.1177229245938658,0.8997292918610196,0.6004545870856681,-2.067934408225493,1.0203846099495646,2.7196247201512733,0.15554080288459016,-0.0146905345053705,-0.8722597121233191,0.5676878335961719,-0.22875341643657032,-0.3352903653618995
Otu000075_dna,-2.2050768527231943,-2.583008352043528,-1.7010175532937515,-1.4940799157199498,-2.8559229225564557,-3.306150876892804,-0.3302117328690253,-0.6581520919660917,-0.6016263489234178,-0.8097319210698012,-0.38882043216706313,-1.8010467193377024,-1.597160035179166,0.12678761029340366,-2.7772910541348,-3.2242234427480265,-1.6913633880309187,-1.8451854799209904,-1.28215847408746,-3.1842492270455187,-3.898211677669524,-1.316106366578153,-3.8622798691582103,-5.542683999175227,-1.724771179668765,-1.9984966217808589,-2.3759106565575436,-2.661133594444314,-5.047426597487265,-3.8083071358671403,-4.408038394405813,-3.7885833053991242,-3.9913904430570635,-3.6297558870735265,-3.8477617112540954,-0.7160939469309042,-1.083225914941037,-2.7575013671208795,-1.3207604797390229,-1.6945432956212108,-2.1440212991913525,-0.09562010179731269,-1.2337069604448827,0.605749288466227,-0.8334436159324293,-3.01578404291882,-1.132973822751958,-1.3146869133412413,-1.9691357211773826,-1.6210099670617009,-1.6388671157157308,-1.6289135676930881,-1.4515349212036355,-4.078434958833052,-3.1193285461852773,-2.9420343671805824,-1.3077074764632821,-2.873098499051507,-2.508096479551686,-2.78748497374693,-2.936636078153523,-0.2435687640727098,-2.2109663125630714,-2.1715171388219034,-2.4507762597107323,-2.911079714303446,-2.642577966938099,-1.5890467363218745,-0.8169907489441401,-0.944038593284748,-2.521823440675073,1.8581607175612551,-0.5222338700321991,-1.4475610220886541,-0.21597054467702692,0.11441153269105754,-0.12435446472972833,-0.3250272358878128,0.08934836938462512,-0.5538705016195243,-1.1827103554996483,-0.3809279661195354,0.11555253383277364,-0.33953752447768826,-1.0232829757872224,-2.18699177372848,-2.197402920499695,-3.6437254284040743,-1.2405885274868684,-2.940728389588496,-1.7568725352441983,-4.299819887186338,-3.4231656210590065,-2.363557799772379,-2.9763635214967636,-2.500951216148083,-3.661838160343999,-3.011746466822547,-1.3708711815868144,-2.6617739662128637,-1.635206446747597,-1.3480884060300844,-0.9493074048716041,-2.1101582740796885,-2.8796136462809616,-2.401869594399497,-3.5421445698167595,-3.8083137377764955,-3.3209008717016535,-2.8126556136633485,-3.4792096246786954,-2.478674776801777,0.44329524798031944,-1.8016774901550676,-2.11740585857709,-2.728357170818467,-2.0572871572757943,-0.17456158994705057,-3.111703796854259,-2.725534418031803,-0.8422095354961021,-0.6970819345550346,-1.193845282943868
Otu000075_rna,-1.4135516859300616,-1.073839089465938,-0.8862487459152698,0.26727766115419055,-1.5872899506940936,-1.5038141311089803,0.7217907718141395,0.49172965562650295,0.29370968397737485,0.4143979531347038,0.8931879390087536,0.12041583538831194,-0.46245142685783347,1.2554527276488194,-1.7890052110973858,-2.0526181789872724,-0.7305803664445026,-1.1404786376054707,-0.6542070980793561,-1.5428657866982562,-1.8505675122344265,-0.41615429196621656,-1.7280768234401915,-0.7388869747338962,-0.9318935243682069,-0.358833930167631,-1.0814589930348413,-0.8011746069214885,-2.391474977767286,-3.4876756130801,-3.9674929105589767,-3.4711820988335313,-3.435621124935608,-1.6896894661805535,-1.9370786161538571,-0.12215605770008585,-0.6230884711239786,-0.96947048885914,0.3241674073342595,-0.3674762950259858,-1.004985321266648,1.120745125959398,-0.303676915571624,1.5543303474841401,-0.29034887604081244,-1.5462268877001561,-0.47400868732062595,-0.41908670190763286,-0.9546955313747882,-0.4716967081292935,-0.4635625963412471,-0.34373049799772165,-0.6285961356628761,-1.8548071286188812,-1.9500690676219308,-1.4534094202406034,-0.19372669608307166,-0.9481464089483106,0.8106138212005866,0.6980361689305643,0.6465472305168226,-0.8964618615557967,0.5081718608386809,-0.6153062589150525,-1.1353536159116024,-1.3484452833375868,-1.1664742169234223,-0.44119123733689236,0.27751488768514737,-0.01602565326866101,-1.1647600344382256,-1.0485681571344914,-0.1689379862800004,2.1953113945588725,0.329114996961857,1.1168116046529162,0.7112951780561748,0.45117451444129314,0.6923083428317869,-0.05694000526724408,-0.10628288201555353,0.46120339159221085,0.606437889936061,0.25721364198593893,-0.16726518214991168,-1.0098206985579155,-2.0252399420040983,-2.3324783993309754,-0.8260700006867306,-1.9559841656172854,-1.006459551036514,-1.7829630599704813,-1.7096688306201704,-1.3033678789106087,-1.0989942481746,-1.6858328218008622,-1.4467665054120984,-1.4196258229381302,-0.0905271176901751,-0.6750795074186551,-0.6341246321264058,0.010350238364170442,0.5896444987527599,-0.18065231121039796,-0.8483454440785814,-0.6084881610581993,-1.5840096190791815,-2.281598286120162,-1.8959011971436643,-1.8616792221188248,-1.5206148880866257,-1.6788814582837728,1.3622266507506948,-0.7957577949612354,-1.3110978908363025,-1.460731457975633,-1.4765395398386012,0.6489221545835918,-1.0822921561251024,-1.2172906000686206,-0.0981348806257903,0.48076736297077144,0.3139413437354361
Otu000075_rna_dna,0.7915251667931327,1.50916926257759,0.8147688073784817,1.7613575768741403,1.2686329718623621,1.8023367457838235,1.052002504683165,1.1498817475925946,0.8953360329007927,1.224129874204505,1.2820083711758168,1.9214625547260145,1.1347086083213325,1.1286651173554159,0.9882858430374144,1.1716052637607541,0.960783021586416,0.7047068423155196,0.627951376008104,1.6413834403472625,2.0476441654350976,0.8999520746119364,2.134203045718019,4.803797024441331,0.7928776553005581,1.639662691613228,1.2944516635227024,1.8599589875228257,2.655951619719979,0.32063152278704043,0.44054548384683656,0.3174012065655929,0.5557693181214556,1.940066420892973,1.9106830951002383,0.5939378892308184,0.46013744381705846,1.7880308782617393,1.6449278870732824,1.327067000595225,1.1390359779247046,1.2163652277567105,0.9300300448732587,0.9485810590179131,0.5430947398916168,1.469557155218664,0.658965135431332,0.8956002114336085,1.0144401898025943,1.1493132589324073,1.1753045193744838,1.2851830696953666,0.8229387855407594,2.2236278302141708,1.1692594785633466,1.488624946939979,1.1139807803802104,1.9249520901031962,3.3187103007522727,3.485521142677494,3.5831833086703453,-0.6528930974830869,2.7191381734017526,1.556210879906851,1.3154226437991299,1.5626344309658593,1.4761037500146768,1.147855498984982,1.0945056366292876,0.928012940016087,1.3570634062368472,-2.9067288746957463,0.3532958837521987,3.642872416647527,0.5450855416388839,1.0024000719618587,0.8356496427859031,0.7762017503291059,0.6029599734471618,0.49693049635228026,1.0764274734840948,0.8421313577117462,0.4908853561032873,0.5967511664636271,0.8560177936373107,1.1771710751705644,0.1721629784955967,1.3112470290730989,0.4145185268001378,0.9847442239712108,0.7504129842076843,2.5168568272158565,1.713496790438836,1.0601899208617704,1.8773692733221636,0.8151183943472209,2.2150716549319007,1.5921206438844167,1.2803440638966392,1.9866944587942086,1.0010818146211913,1.3584386443942549,1.5389519036243642,1.9295059628692905,2.03126820220238,1.793381433341298,1.958134950737578,1.5267154516563335,1.4249996745579891,0.9509763915445237,1.9585947365920697,0.7997933185180042,0.9189314027703754,1.0059196951938323,0.8063079677407876,1.2676257128428339,0.580747617437193,0.8234837445306424,2.0294116407291565,1.5082438179631825,0.7440746548703118,1.1778492975258061,1.507786626679304
Otu000093_dna,1.2651134004259121,-0.6974939132779545,-3.3835777305568144,-2.731418413889686,-1.8443220108779763,-2.069388249743877,-3.1931449463101687,-3.303989108566729,-2.8633894473972084,-3.6703142421638586,-2.3897372107345882,-3.3851668237875128,-2.9426324017788015,-3.880545574939067,-1.4822453644800546,-2.0004480111259104,-1.8211749995529092,-2.96911557657339,-2.936048149092394,-2.039116922742516,-3.010908482668621,-3.3175863667882775,-2.358202472381936,-2.97773464171369,-3.0525693341070474,-2.7716865100143404,-1.7799272244512463,-2.3891998789606728,-0.5020064159049475,-1.577465947731936,-2.1795612735654886,-0.9974181975864076,-1.9839224010023169,-1.264866910743326,-0.42769584528755694,0.9275353302514754,0.15848721736774615,-0.0764798384065885,0.43709743781335053,0.7515235208505255,1.0485105503372463,-0.63848507930792,0.6040783311784546,0.8205940369657416,-0.10068729727743807,-0.7471005016004556,-0.9293748675107183,-1.2769465853583943,-2.8564389161782855,0.540221007626613,-1.3093879145854885,-2.597472728113,-4.818830751190109,-2.899779962491406,-1.9406735498436312,-1.602260021695585,-0.47556142109668065,-2.6654591342732625,-3.250033824281063,-3.1441599176856623,-2.5619426287121123,-2.5687536889839966,-4.239114559855357,-1.9679181835806636,-0.9711499587986225,-2.5856573138688184,-3.838828725170125,-5.578030782886149,-3.227789426578419,-3.356971743447659,-3.653225552166173,-4.066095079853277,-2.9645809054014034,-3.056998934522755,-1.6111538532141636,-2.17015505480031,-1.8223457745052738,-4.419371798109913,-2.107876207951594,-1.9329963732608022,-1.628295457397238,-1.4313909108900624,-1.5798758264568493,-1.475890141128645,1.2391112366235781,-1.7014839579467793,-2.351553600326953,-2.5451131397359643,-0.547441346926923,-1.424380900220408,-2.8215832722366265,-3.8943547790781734,-4.2704634814462095,-2.568352212418392,-1.0304533724414504,-1.6110937413420836,-1.7986197271337987,-2.6287542145664413,-0.3985526182429968,-2.199150444264751,-2.2542456551538206,-1.399381700417635,0.18777116462430155,-1.5371554053618066,-2.0968543070313292,-3.342852938864024,-2.421553374429875,-3.220527072874377,-2.7503560132340406,-3.728946345537503,-3.596992660335079,-3.995022266169865,-2.1462363528865533,-2.0248210414692775,-2.363538928115999,-2.8310113248785505,-3.0300192000549013,-3.021793855182598,-2.5727072961215716,-2.796993382013948,-2.7479132640733748,-3.432531109845359,-3.377911775702576
Otu000093_rna,1.7444242498813554,0.4530372222751421,-2.5602251794869413,-1.2651992101437814,-0.7961623617739445,-0.6436128658858685,-1.6235299764406317,-1.7445762717521878,-0.9959578414534442,-1.487257186916569,-1.5445719323535447,-1.4385912234188967,-0.5228880964135892,-2.0572776726910056,-0.7174215948171953,-0.49926973320421536,-0.7068638398271865,-1.6711068886676412,-1.4390214671651251,-0.4185451413199396,-1.779949945020473,-2.2133633659618366,-1.1428186048914313,-1.4046351811057272,-1.9064531643663376,-1.2811669764977487,-1.6055298435508527,-0.8396408877492846,0.3210098204027898,-0.16443977288765665,-0.44113238594281534,-0.32702982016126736,-1.2383965475993886,0.0232891251943872,0.2821248679011377,1.9474053753800429,1.9553442366748452,1.3907937157215837,1.9084746550427802,1.6837943696871538,1.6720327705878335,0.3820665605914994,1.4683863036807068,2.1294318528589433,0.5286785504081357,0.2538313843425939,-0.3374331523148752,-1.3353774337817879,-1.5484702381215298,1.7435133053797514,-0.3617799020313046,-1.7158803517314476,-2.420355604890931,-1.274988633365939,-0.21268968141309783,-0.7941637913563395,1.0879191465610825,-1.135357951036457,-0.7229107769019885,-0.6134103013928939,-0.869326549699821,-1.0989861256672708,-3.097325984336204,-2.289282692486724,0.19151732473748745,-2.2308344635360604,-2.4847151147982975,-2.4888840807021477,-1.457926150952684,-1.5920765496700244,-1.9756902506545542,-0.724072111559994,-2.3356723968584325,-1.870606871008671,-0.7764177345508264,-0.7797057890728206,-0.5975116875853416,-2.7648400781458755,-1.50027585494793,-1.0846443245123027,-0.4809763314569642,-0.3783724227010825,-0.897639506840213,-1.2260729851212613,2.1799606914667544,-0.5133838122440244,-2.836170158220427,-0.8921168169408087,0.7054063702776578,-0.39783954757073564,-1.0327768593538875,-1.1164841264926972,-1.2868119798001367,-1.4405690004240939,-0.33173909546093283,-0.7695420899267071,-1.041301397303934,-0.8861087879700688,0.6933166243405823,-1.0072133424412697,-0.9920109632514352,0.35168078413645965,1.0742797902665593,-0.5284883064819259,-0.8746627523959549,-1.321243813006521,-1.1555549927463185,-1.3444734673431649,-1.1788484957301648,-1.7578824284371815,-1.6603768304617845,-2.427598489998529,-0.9121378746010995,-0.6580683921880491,-2.2236078998705513,-2.308029318362837,-1.165326969976626,-1.6712292621283533,-1.7826595846585351,-1.5639152081538517,-1.412970277763536,-1.4465375982535076,-1.9614480064501196
Otu000093_rna_dna,0.4793108494554432,1.1505311355530967,0.8233525510698732,1.4662192037459048,1.048159649104032,1.4257753838580087,1.569614969869537,1.5594128368145412,1.8674316059437641,2.1830570552472897,0.8451652783810435,1.946575600368616,2.4197443053652123,1.8232679022480616,0.7648237696628594,1.5011782779216951,1.1143111597257227,1.2980086879057486,1.4970266819272688,1.6205717814225764,1.2309585376481482,1.1042230008264409,1.2153838674905049,1.573099460607963,1.1461161697407098,1.4905195335165917,0.17439738090039358,1.5495589912113883,0.8230162363077373,1.4130261748442794,1.7384288876226732,0.6703883774251402,0.7455258534029283,1.288156035937713,0.7098207131886947,1.0198700451285676,1.7968570193070992,1.4672735541281723,1.4713772172294297,0.9322708488366283,0.6235222202505872,1.0205516398994194,0.8643079725022522,1.3088378158932017,0.6293658476855738,1.0009318859430496,0.591941715195843,-0.05843084842339352,1.3079686780567557,1.2032922977531384,0.9476080125541839,0.8815923763815523,2.3984751462991785,1.6247913291254668,1.7279838684305333,0.8080962303392454,1.5634805676577632,1.5301011832368054,2.5271230473790744,2.5307496162927685,1.6926160790122913,1.4697675633167258,1.1417885755191524,-0.3213645089060604,1.16266728353611,0.35482285033275796,1.3541136103718276,3.089146702184001,1.7698632756257349,1.7648951937776347,1.677535301511619,3.342022968293283,0.6289085085429709,1.1863920635140839,0.8347361186633372,1.3904492657274892,1.2248340869199321,1.6545317199640377,0.6076003530036638,0.8483520487484995,1.1473191259402737,1.05301848818898,0.6822363196166363,0.24981715600738363,0.9408494548431763,1.188100145702755,-0.484616557893474,1.6529963227951556,1.2528477172045809,1.0265413526496723,1.788806412882739,2.7778706525854764,2.9836515016460727,1.1277832119942983,0.6987142769805176,0.8415516514153765,0.7573183298298647,1.7426454265963724,1.091869242583579,1.1919371018234814,1.2622346919023855,1.7510624845540947,0.8865086256422577,1.0086670988798807,1.2221915546353743,2.021609125857503,1.2659983816835565,1.876053605531212,1.5715075175038757,1.9710639171003217,1.9366158298732943,1.5674237761713359,1.2340984782854538,1.3667526492812283,0.13993102824544756,0.5229820065157136,1.8646922300782753,1.3505645930542445,0.7900477114630364,1.2330781738600964,1.3349429863098388,1.9859935115918514,1.4164637692524564
Otu000131_dna,-2.5415490893444073,-2.239236812940703,-2.4070681386896045,-1.766337517846099,-2.1627757419965103,-2.3087923219298676,-1.819753990026186,-2.221377161245061,-2.6270006693329777,-2.3624914964854633,-2.523268603359111,-3.5186982164120355,-2.5239220669206164,-2.31336747179485,-2.095839913338046,-2.1946040255668677,-2.1878002743448093,-2.2382280680305975,-1.6082499946541122,-3.0507178344209964,-1.89287810814341,-1.4984279233721076,-1.8473768486159456,-2.4981615614518042,-1.7491626327929244,-1.7302326351861792,-2.1752399610953925,-1.753211112240676,-2.168228140189225,-1.9912298586547956,-1.959499388788687,-1.948033672001637,-2.2183231068411615,-2.0641205972978187,-3.308765210521408,-2.3475107660837797,-1.250279999604203,-1.727881949939721,-2.3111591837669003,-1.6389734444664001,-1.7057663682601971,-2.607925725773427,-1.9268541410048279,-2.110599715450678,-1.6219009762966994,-1.9171717542507103,-1.4759185738787883,-1.6824116934665587,-1.006859876061404,-1.3798479102448131,-1.1935560990603666,-1.8112351244870428,-1.0233415620179152,-1.5729090218423158,-1.3486224861550544,-1.5787295242853907,-1.5895586286042698,-2.004060652027898,-1.509567649440559,-2.145631087574535,-2.1775309298017804,-2.192276117749084,-2.904113493123017,-2.3866285184388487,-2.3281739376184003,-2.297975241417037,-2.5751366861425664,-2.533508345162726,-2.129177137910309,-1.2985836109656554,-1.948477459927748,-0.45517716720905216,-1.1139809361504152,-0.6721757432917368,-3.5570640022694766,-1.9470115034861002,-2.2559817595801346,-1.733794452859762,-2.033768235797872,-1.3939998725281153,-1.3275413033781043,-1.5984449955532285,-1.2375896199702165,-1.8436149212539623,-1.9548411797921654,-1.4332199713520997,-1.9460884922187887,-1.5335122280574844,-2.138530120692827,-1.1126012761895665,-2.8215832722366265,-1.6607625575710794,-1.813727708624906,-1.5162599393851757,-1.6770805373665028,-1.416937726901126,-1.610567495630859,-2.5009208430565564,-1.4594245789282594,-1.164253969982749,-0.9475689219986212,-0.9964260039148966,-1.500138363251294,-1.6145420689772265,-1.7106205608510525,-1.8113765678996354,-1.462703028136924,-1.88163495064907,-1.7506836724208346,-2.1070859131048456,-2.1951941126792227,-2.6087279050499745,-0.7784953996624103,-1.3227849134920862,-2.628231482343081,-1.5440894375718635,-1.7726585223109035,-2.097534953659266,-2.349563744807362,-1.528482056550441,-0.9561537948453198,-1.7585546762736874,-1.920665678610401
Otu000131_rna,-1.5510226765586645,-0.8852479196583878,-1.0020805614403914,0.10240301796395658,-0.17917654217956316,-0.766215187978201,-1.0341795895623302,-1.113073254303449,-1.3584979048445744,-1.3549892183388181,-1.1931740455156563,-1.8117954693088394,-2.064398667562776,-1.0941033549180001,-1.6756765257903825,-2.371071910105807,-1.4480202395734927,-1.622316724498209,-0.4958940813374103,-1.1066290199233384,-0.7519552235663167,-0.5191022612186589,-0.5355327149378784,-0.9725018259154014,-1.1294244998256904,-1.0164744222706668,-1.0683869114674887,-0.7641333352411394,-0.8948325594785299,-1.8782377006459998,-1.7702683332227573,-1.5396606872303178,-2.4801096799081717,-2.295825269750869,-2.1602221674680666,-0.8041299376619059,-1.3360382789801033,-1.1149780725303782,-0.9582273587674796,-0.5234805435025671,-1.6981325018265934,-1.563843588463814,-0.8039204300070778,-3.9179403261873347,-0.47023437803688595,-0.9866110997647336,-0.8553762438497299,-0.7757616458463653,-0.12895022937331888,-0.20421734299503191,-0.07007367927979832,-0.6790637823318034,-0.702704107816598,-0.43342144768772045,-0.7326732429638542,-0.7941637913563395,-0.7437730330023435,-1.0153986359574783,-0.6465885093423551,-0.521602752139771,-0.9345125295845166,-1.1406588220678386,-1.6157214434119886,-1.2030929238171717,-0.9922527722709292,-1.3145437316619055,-1.072445267275146,-1.7351122783257678,-1.163126610732039,-1.0092774262789443,-0.8770779619864446,-0.8388476261524221,0.10078186954362099,-0.09385706443118128,-1.2803229154722433,-1.008891654842993,-0.8563733215016307,-0.8821088307120937,-0.8029706642393212,-0.9748294585050962,-1.2048951706836633,-0.902101451302981,-1.0030000224980393,-1.1897053409503866,-2.2041471094109517,-0.7962465982598566,-0.6671164578509043,-0.7010615801780995,-0.9596013933112533,-0.45190676884101133,-0.41579103975950615,-0.47890679708756284,-0.9905461636569646,-0.28479829791603545,-0.9339144978151516,-1.4161692548517595,-0.9139619749273324,-0.4065357077081826,-1.1397466510287082,0.054357674546490715,0.08619245378546747,-0.10771692856277058,-0.8646713884644504,0.24347005450230919,0.3029660765903792,0.1926858802127648,-0.22323185334111453,-0.5961744667081397,-0.9080402727682575,-0.9422683629084262,-0.809005644686945,-1.9225035409415232,-0.047598207779389945,-0.16905571380944281,-1.1313047803957066,-0.6134335975884292,-2.036155327774024,-1.0570704928870382,-0.8634744947580154,-0.4007643983481707,0.22368019819544915,-0.5630366892023431,-1.0500472598701565
Otu000131_rna_dna,0.9905264127857427,1.3539888932823154,1.404987577249213,1.8687405358100555,1.983599199816947,1.5425771339516667,0.7855744004638558,1.1083039069416118,1.2685027644884033,1.0075022781466452,1.3300945578434547,1.7069027471031961,0.4595233993578405,1.2192641168768497,0.42016338754766336,-0.17646788453893913,0.7397800347713166,0.6159113435323884,1.1123559133167018,1.944088814497658,1.1409228845770933,0.9793256621534487,1.3118441336780673,1.525659735536403,0.619738132967234,0.7137582129155124,1.1068530496279039,0.9890777769995366,1.2733955807106954,0.1129921580087958,0.18923105556592956,0.4083729847713191,-0.26178657306701014,-0.23170467245305026,1.1485430430533414,1.5433808284218737,-0.08575827937590019,0.6129038774093429,1.3529318249994207,1.115492900963833,0.007633866433603753,1.044082137309613,1.1229337109977502,-1.8073406107366567,1.1516665982598133,0.9305606544859767,0.6205423300290585,0.9066500476201934,0.8779096466880851,1.1756305672497813,1.1234824197805684,1.1321713421552393,0.3206374542013172,1.1394875741545953,0.6159492431912003,0.7845657329290512,0.8457855956019262,0.9886620160704196,0.8629791400982039,1.624028335434764,1.243018400217264,1.0516172956812453,1.2883920497110282,1.183535594621677,1.3359211653474712,0.9834315097551316,1.5026914188674203,0.7983960668369581,0.9660505271782698,0.2893061846867111,1.0713994979413033,-0.38367045894337,1.214762805694036,0.5783186788605555,2.2767410867972333,0.9381198486431073,1.3996084380785039,0.8516856221476683,1.230797571558551,0.41917041402301913,0.12264613269444102,0.6963435442502475,0.23458959747217722,0.6539095803035757,-0.24930592961878628,0.6369733730922431,1.2789720343678843,0.8324506478793849,1.1789287273815738,0.6606945073485552,2.40579223247712,1.1818557604835165,0.8231815449679414,1.2314616414691402,0.7431660395513512,0.0007684720493665864,0.6966055207035267,2.094385135348374,0.3196779278995512,1.2186116445292396,1.0337613757840887,0.888709075352126,0.6354669747868436,1.8580121234795357,2.0135866374414317,2.0040624481124003,1.2394711747958094,1.2854604839409303,0.8426433996525771,1.1648175501964193,1.3861884679922776,0.6862243641084513,0.7308971918830204,1.1537291996826433,1.4969267019473744,0.9306558399834343,-0.2634968054631204,1.0404644607722275,1.4860892500493463,1.12771765820227,1.179833993040769,1.1955179870713444,0.8706184187402446
water_temp,13.47,11.71,19.58,18.36,20.86,20.17,20.16,23.01,24.61,25.17,25.1,23.26,25.12,29.56,25.05,26.27,25.78,23.5,25.34,27.08,25.11,29.77,22.48,20.19,20.78,17.51,15.92,12.82,12.68,10.06,7.82,8.23,4.01,3.87,3.61,3.59,4.55,4.07,4.32,3.78,3.94,3.07,3.53,3.35,4.98,4.77,5.06,6.67,8.08,10.28,12.62,14.25,16.66,15.44,22.11,17.19,22.11,26.31,25.52,25.04,28.03,27.32,27.17,26.24,25.37,25.78,24.22,24.5,25.02,27.24,28.61,25.62,22.13,20.8,19.23,17.94,15.48,15.49,13.42,12.69,10.36,8.03,4.55,4.08,6.43,4.16,3.98,4.49,3.66,2.21,4.58,4.74,4.89,4.03,4.36,4.11,4.38,4.63,5.19,9.65,7.72,12.98,14.65,16.78,15.29,18.96,23.52,22.99,20.07,23.15,22.52,26.1,25.23,22.6,25.79,nan,27.16,27.25,28.73,25.76,25.19,25.86,21.97
specific_conductivity,0.481,0.548,0.567,0.553,0.577,0.591,0.585,0.566,0.558,0.524,0.414,0.422,0.438,0.448,0.415,0.415,0.418,0.429,0.428,0.431,0.439,0.435,0.443,0.45,0.446,0.435,0.458,0.49,0.478,0.51,0.532,0.521,0.535,0.548,0.547,0.33,0.39,0.472,0.528,0.542,0.571,0.567,0.58,0.586,0.61,0.618,0.595,0.668,0.67,0.448,0.534,0.606,0.633,0.639,0.643,0.548,0.495,0.539,0.538,0.543,0.553,0.536,0.544,0.535,0.515,0.515,0.466,0.467,0.47,0.475,0.472,0.41,0.43,0.442,0.448,0.454,0.477,0.448,0.494,0.494,0.517,0.545,0.577,0.552,0.341,0.466,0.51,0.519,0.387,0.479,0.53,0.528,0.523,0.532,0.543,0.559,0.574,0.57,0.566,0.6,0.598,0.592,0.52,0.558,0.547,0.562,0.574,0.572,0.586,0.585,0.581,0.566,0.446,0.457,0.458,nan,0.513,0.535,0.569,0.532,0.564,0.566,0.588
dissolved_oxygen,8.96,9.37,9.48,12.41,8.26,8.18,7.83,9.8,9.61,9.02,6.98,8.51,9.47,8.35,9.63,10.48,8.35,8.62,8.26,7.27,6.45,6.0,6.6,7.63,9.23,4.92,4.53,4.54,5.37,3.89,4.2,4.58,5.26,4.5,5.23,8.42,8.44,6.4,4.84,4.24,3.59,4.1,4.03,3.99,3.75,3.9,4.04,3.69,4.16,3.17,3.56,3.37,2.71,2.71,2.14,2.35,1.94,1.87,2.0,1.98,1.97,8.75,8.8,8.22,9.71,8.19,9.08,8.2,9.2,7.04,7.45,9.64,6.17,8.05,8.26,6.24,5.56,6.74,13.25,11.3,10.05,11.55,11.53,15.37,17.5,20.51,22.24,18.78,20.25,21.2,10.03,15.44,17.88,19.56,19.04,18.43,19.05,18.8,18.41,16.85,17.28,12.89,17.02,12.31,13.62,12.96,9.12,10.12,10.17,7.5,9.51,8.67,8.95,6.82,8.36,nan,10.5,12.57,10.18,9.71,8.1,8.55,6.89
salinity,0.23,0.26,0.27,0.27,0.28,0.29,0.28,0.27,0.27,0.25,0.2,0.2,0.21,0.22,0.2,0.2,0.2,0.2,0.2,0.2,0.2,0.27,0.21,0.22,0.21,0.21,0.22,0.23,0.23,0.24,0.25,0.25,0.25,0.26,0.26,0.15,0.18,0.22,0.25,0.25,0.27,0.27,0.27,0.28,0.29,0.29,0.28,0.32,0.32,0.21,0.26,0.29,0.31,0.31,0.31,0.26,0.24,0.26,0.26,0.26,0.27,0.26,0.26,0.26,0.25,0.25,0.22,0.22,0.23,0.23,0.22,0.2,0.2,0.21,0.22,0.22,0.23,0.22,0.24,0.24,0.25,0.27,0.28,0.27,0.16,0.22,0.25,0.25,0.19,0.23,0.26,0.25,0.25,0.26,0.26,0.27,0.28,0.28,0.27,0.29,0.29,0.29,0.25,0.27,0.27,0.27,0.28,0.28,0.28,0.28,0.28,0.27,0.21,0.22,0.22,nan,0.25,0.26,0.27,0.26,0.27,0.27,0.29
secchi_depth,0.28,1.25,2.12,1.5,2.23,3.2,3.2,1.85,2.0,2.18,1.2,1.6,2.25,2.2,2.05,1.25,1.75,1.0,2.0,2.7,2.25,2.0,1.6,1.7,1.3,1.8,1.9,3.0,1.5,3.6,2.8,1.6,2.5,2.4,2.2,0.2,0.5,1.1,1.0,1.4,1.4,1.2,1.0,0.5,1.0,1.4,1.7,1.6,2.7,0.3,1.3,2.3,3.5,2.4,2.5,1.4,1.3,2.8,2.2,3.2,2.2,1.7,1.9,2.4,1.9,2.1,1.8,1.9,1.6,2.4,2.3,1.2,1.3,1.0,1.0,1.0,0.9,0.8,1.0,0.8,0.8,1.1,1.3,0.8,0.4,0.8,1.0,1.2,0.3,0.6,1.6,1.9,1.6,1.6,1.5,1.0,1.3,1.3,1.3,1.4,1.6,1.3,0.5,1.5,1.6,1.9,2.6,2.9,2.6,3.0,2.2,2.0,1.0,2.1,1.8,1.5,1.0,1.4,1.5,1.4,2.2,2.2,1.5
ph,8.13,8.12,8.28,8.45,8.22,8.14,8.11,8.32,8.24,8.38,8.09,8.31,8.61,8.64,8.67,9.1,8.91,8.87,8.99,8.89,8.66,8.75,9.03,9.02,9.45,8.69,8.64,8.67,8.79,8.76,8.7,8.83,8.93,9.5,9.13,9.6,10.05,9.31,9.09,9.2,9.15,9.2,9.23,9.2,9.2,9.37,9.39,9.52,10.15,10.11,10.72,10.57,10.39,10.24,10.38,10.23,10.09,10.32,10.47,10.55,10.74,10.84,10.86,8.25,8.33,8.23,8.47,8.45,8.6,8.36,8.48,8.87,8.01,9.4,8.48,8.07,7.7,7.81,7.13,7.02,6.89,7.29,7.28,7.36,7.47,7.91,7.87,7.26,7.4,7.14,7.26,7.56,7.47,7.38,7.39,7.39,7.56,7.03,7.16,7.64,7.67,7.82,8.14,8.16,8.21,8.2,8.04,7.97,7.85,7.82,7.96,7.98,8.18,7.1,8.53,nan,8.27,8.56,8.32,8.38,7.92,7.92,7.58
air_temperature,3.9,23.9,22.4,23.9,22.8,12.2,23.9,21.1,23.9,27.2,26.1,22.8,23.9,30.0,16.1,22.2,22.0,13.3,28.0,32.0,26.0,19.0,23.0,25.0,26.0,22.0,18.0,8.0,16.0,10.0,12.0,8.0,-3.0,2.0,13.0,7.0,-7.0,6.0,-8.0,-6.0,4.0,-9.0,-1.0,6.0,1.0,-2.0,13.0,19.0,11.0,6.0,24.0,21.0,14.0,18.0,24.0,14.0,24.0,29.0,25.0,nan,27.0,24.0,27.0,27.0,25.0,29.0,26.0,19.0,22.0,30.0,31.0,20.0,17.0,23.0,27.0,9.0,14.0,20.0,16.0,3.9,2.2,-1.0,2.0,6.1,5.0,8.0,1.0,13.0,10.0,-11.6,8.0,2.0,2.0,-4.0,-2.0,0.0,-2.0,7.0,7.0,12.0,1.0,12.0,16.0,17.0,14.0,25.0,23.0,25.0,24.0,18.0,23.0,26.0,27.0,23.0,28.0,23.5,24.94,23.93,25.42,25.86,24.74,27.33,20.93
total_nitrogen,1.09,1.14,0.85,0.848,0.755,0.777,0.773,0.801,0.678,0.725,0.988,1.01,0.852,0.678,0.882,nan,0.832,1.01,0.77,0.697,0.845,1.15,1.08,1.12,0.972,1.24,1.3,1.2,1.46,1.28,1.42,nan,1.73,1.58,1.57,1.49,1.51,1.37,1.41,1.49,1.62,1.75,1.79,1.57,1.48,1.38,1.52,1.4,1.28,1.75,1.31,nan,nan,1.18,1.33,1.3,1.27,1.1,1.08,nan,0.92,0.814,0.754,0.678,0.899,1.09,0.818,0.813,0.899,0.656,1.21,1.6,1.07,1.62,nan,2.51,1.39,2.0,2.07,2.48,1.31,1.32,1.77,1.59,1.91,1.85,1.91,1.81,2.06,1.46,1.5,1.33,1.47,1.31,1.37,1.67,1.21,1.33,1.17,1.23,1.16,1.31,1.72,1.1,0.994,0.918,0.859,0.791,nan,0.447,0.407,0.44,0.932,0.892,0.996,0.917,1.3,0.89,0.715,0.755,0.594,0.6,0.736
total_phosphorus,68.8,33.0,22.8,28.4,19.6,24.9,15.4,19.6,16.3,25.3,42.7,35.7,25.9,23.5,36.5,nan,30.8,35.1,27.1,26.2,30.1,44.2,47.6,51.1,31.2,34.3,39.9,35.3,32.4,24.9,37.5,107.0,44.5,33.0,38.4,84.6,80.5,36.4,35.6,31.3,33.0,55.2,41.6,62.1,26.8,26.6,91.0,nan,29.0,86.8,43.5,nan,nan,48.6,72.2,42.9,51.6,32.7,35.0,10.55,39.2,16.9,44.7,32.7,48.0,65.0,29.5,30.4,28.6,25.7,36.5,52.7,125.0,65.1,nan,nan,31.0,19.1,64.4,nan,29.4,39.8,41.1,46.9,55.3,42.8,47.8,27.8,96.1,40.9,50.7,72.0,34.7,16.3,31.9,45.6,44.2,27.8,28.5,33.6,23.6,22.8,94.5,16.2,28.0,17.2,15.7,21.8,8.26,20.1,20.3,16.6,57.7,28.0,20.9,32.5,110.0,42.1,40.2,21.6,18.3,10.8,15.6
doc,6.038,4.207,nan,4.296,nan,4.143,nan,4.443,4.543,4.797,5.216,nan,5.103,nan,4.569,nan,6.06,7.036,6.866,5.93,5.79,5.998,5.785,5.847,6.009,5.655,5.599,5.688,5.965,6.041,6.359,nan,6.049,6.488,5.193,6.521,6.405,5.701,4.314,5.523,5.238,4.922,5.558,5.432,3.697,4.336,3.676,2.825,4.957,5.01,3.957,nan,nan,3.599,3.633,4.538,4.665,4.049,4.635,nan,4.842,4.643,4.151,nan,5.321,6.014,6.094,5.696,5.582,5.072,5.712,5.997,5.663,5.663,nan,6.304,5.267,5.469,5.96,6.493,4.671,4.683,5.181,5.744,5.372,5.588,4.57,5.177,4.876,7.28,4.387,4.543,4.849,4.035,4.024,3.998,3.901,3.498,3.536,3.558,3.266,3.535,3.693,3.638,4.179,3.983,3.792,4.456,3.795,3.675,3.619,3.804,4.815,5.062,5.446,5.976,5.804,5.46,6.397,4.536,4.768,5.405,4.789
