Run,ReleaseDate,LoadDate,spots,bases,spots_with_mates,avgLength,size_MB,AssemblyName,download_path,Experiment,LibraryName,LibraryStrategy,LibrarySelection,LibrarySource,LibraryLayout,InsertSize,InsertDev,Platform,Model,SRAStudy,BioProject,Study_Pubmed_id,ProjectID,Sample,BioSample,SampleType,TaxID,ScientificName,SampleName,g1k_pop_code,source,g1k_analysis_group,Subject_ID,Sex,Disease,Tumor,Affection_Status,Analyte_Type,Histological_Type,Body_Site,CenterName,Submission,dbgap_study_accession,Consent,RunHash,ReadHash,library_type
SRR12673024,2021-09-28 14:32:52,2020-09-18 19:11:51,155457,78039414,155457,502,51,,https://sra-downloadb.be-md.ncbi.nlm.nih.gov/sos1/sra-pub-zq-38/SRR012/12673/SRR12673024/SRR12673024.lite.1,SRX9152944,ULD001,AMPLICON,PCR,METAGENOMIC,PAIRED,0,0,ILLUMINA,Illumina MiSeq,SRP283915,PRJNA664410,3,664410,SRS7392919,SAMN16213584,simple,449393,freshwater metagenome,ULD001,,,,,,,no,,,,,INDIANA UNIVERSITY,SRA1128180,,public,D824146BB7C8D01CE9E7E6FCB4671A24,6C10E2205012FCA5C4DE9B19E3D4D89C,DNA
SRR12673023,2021-09-28 14:32:52,2020-09-18 19:11:49,179530,90124060,179530,502,59,,https://sra-downloadb.be-md.ncbi.nlm.nih.gov/sos4/sra-pub-zq-1/SRR012/12673/SRR12673023/SRR12673023.lite.1,SRX9152945,ULD002,AMPLICON,PCR,METAGENOMIC,PAIRED,0,0,ILLUMINA,Illumina MiSeq,SRP283915,PRJNA664410,3,664410,SRS7392920,SAMN16213585,simple,449393,freshwater metagenome,ULD002,,,,,,,no,,,,,INDIANA UNIVERSITY,SRA1128180,,public,B63EB7398FF2730DDD24FE9B7AED7A1D,AE7E854B34BD157866BEF6AAABD4F203,DNA
SRR12673022,2021-09-28 14:32:52,2020-09-18 19:11:44,120438,60459876,120438,502,39,,https://sra-downloadb.be-md.ncbi.nlm.nih.gov/sos1/sra-pub-zq-38/SRR012/12673/SRR12673022/SRR12673022.lite.1,SRX9152946,ULD011,AMPLICON,PCR,METAGENOMIC,PAIRED,0,0,ILLUMINA,Illumina MiSeq,SRP283915,PRJNA664410,3,664410,SRS7392921,SAMN16213594,simple,449393,freshwater metagenome,ULD011,,,,,,,no,,,,,INDIANA UNIVERSITY,SRA1128180,,public,0AA144DEB3F5EFA303CD8BB0299F3C34,92336BA9E1E14E335CD2B995724A6377,DNA
SRR12673021,2021-09-28 14:32:52,2020-09-18 19:11:45,158637,79635774,158637,502,53,,https://sra-downloadb.be-md.ncbi.nlm.nih.gov/sos9/sra-pub-zq-924/SRR012/12673/SRR12673021/SRR12673021.lite.1,SRX9152947,ULD102,AMPLICON,PCR,METAGENOMIC,PAIRED,0,0,ILLUMINA,Illumina MiSeq,SRP283915,PRJNA664410,3,664410,SRS7392922,SAMN16213684,simple,449393,freshwater metagenome,ULD102,,,,,,,no,,,,,INDIANA UNIVERSITY,SRA1128180,,public,8C3E4C8CBF2C4D5471B63805DD97705A,F6D77D80DBFB87C5ED328DA570BF8C47,DNA
SRR12673020,2021-09-28 14:32:52,2020-09-18 19:11:37,158802,79718604,158802,502,53,,https://sra-downloadb.be-md.ncbi.nlm.nih.gov/sos9/sra-pub-zq-922/SRR012/12673/SRR12673020/SRR12673020.lite.1,SRX9152948,ULD103,AMPLICON,PCR,METAGENOMIC,PAIRED,0,0,ILLUMINA,Illumina MiSeq,SRP283915,PRJNA664410,3,664410,SRS7392923,SAMN16213685,simple,449393,freshwater metagenome,ULD103,,,,,,,no,,,,,INDIANA UNIVERSITY,SRA1128180,,public,8327733E5D1E61EFF785234CC4511A06,0835E61AF56DB97EC7A23CC72294DEF5,DNA
SRR12673019,2021-09-28 14:32:52,2020-09-18 19:11:41,221437,111161374,221437,502,73,,https://sra-downloadb.be-md.ncbi.nlm.nih.gov/sos4/sra-pub-zq-1/SRR012/12673/SRR12673019/SRR12673019.lite.1,SRX9152949,ULD104,AMPLICON,PCR,METAGENOMIC,PAIRED,0,0,ILLUMINA,Illumina MiSeq,SRP283915,PRJNA664410,3,664410,SRS7392924,SAMN16213686,simple,449393,freshwater metagenome,ULD104,,,,,,,no,,,,,INDIANA UNIVERSITY,SRA1128180,,public,D09065434D45EF9E785FCE10CEC6995D,57B0D356B6AB2C3237C69509A11D2BCF,DNA
SRR12673018,2021-09-28 14:32:52,2020-09-18 19:11:32,158764,79699528,158764,502,53,,https://sra-downloadb.be-md.ncbi.nlm.nih.gov/sos9/sra-pub-zq-922/SRR012/12673/SRR12673018/SRR12673018.lite.1,SRX9152950,ULD105,AMPLICON,PCR,METAGENOMIC,PAIRED,0,0,ILLUMINA,Illumina MiSeq,SRP283915,PRJNA664410,3,664410,SRS7392925,SAMN16213687,simple,449393,freshwater metagenome,ULD105,,,,,,,no,,,,,INDIANA UNIVERSITY,SRA1128180,,public,9992AEFA5080FEDDC3FB9436EC064670,879108F22D8AA56902684D9478425195,DNA
SRR12673017,2021-09-28 14:32:52,2020-09-18 19:11:40,178148,89430296,178148,502,59,,https://sra-downloadb.be-md.ncbi.nlm.nih.gov/sos8/sra-pub-zq-818/SRR012/12673/SRR12673017/SRR12673017.lite.1,SRX9152951,ULD106,AMPLICON,PCR,METAGENOMIC,PAIRED,0,0,ILLUMINA,Illumina MiSeq,SRP283915,PRJNA664410,3,664410,SRS7392926,SAMN16213688,simple,449393,freshwater metagenome,ULD106,,,,,,,no,,,,,INDIANA UNIVERSITY,SRA1128180,,public,6C578046DDF0952C79C7882F2E7B57D1,12ED68BE936DD7468A9D1F9E13673A1D,DNA
SRR12673016,2021-09-28 14:32:52,2020-09-18 19:11:35,187331,94040162,187331,502,63,,https://sra-downloadb.be-md.ncbi.nlm.nih.gov/sos4/sra-pub-zq-1/SRR012/12673/SRR12673016/SRR12673016.lite.1,SRX9152952,ULD107,AMPLICON,PCR,METAGENOMIC,PAIRED,0,0,ILLUMINA,Illumina MiSeq,SRP283915,PRJNA664410,3,664410,SRS7392927,SAMN16213689,simple,449393,freshwater metagenome,ULD107,,,,,,,no,,,,,INDIANA UNIVERSITY,SRA1128180,,public,BE6CA8F56EECCD88A4EBFE89AE0079B2,88483B55197083438603DE654267A771,DNA
SRR12673015,2021-09-28 14:32:52,2020-09-18 19:11:40,172482,86585964,172482,502,57,,https://sra-downloadb.be-md.ncbi.nlm.nih.gov/sos8/sra-pub-zq-820/SRR012/12673/SRR12673015/SRR12673015.lite.1,SRX9152953,ULD108,AMPLICON,PCR,METAGENOMIC,PAIRED,0,0,ILLUMINA,Illumina MiSeq,SRP283915,PRJNA664410,3,664410,SRS7392928,SAMN16213690,simple,449393,freshwater metagenome,ULD108,,,,,,,no,,,,,INDIANA UNIVERSITY,SRA1128180,,public,C22AD916D108D05B5C523DCC1B806CB9,3F63A65BC30DA48896492FD6781D2DD3,DNA
SRR12673011,2021-09-28 14:32:52,2020-09-18 19:11:05,59940,30089880,59940,502,19,,https://sra-downloadb.be-md.ncbi.nlm.nih.gov/sos9/sra-pub-zq-924/SRR012/12673/SRR12673011/SRR12673011.lite.1,SRX9152957,ULD012,AMPLICON,PCR,METAGENOMIC,PAIRED,0,0,ILLUMINA,Illumina MiSeq,SRP283915,PRJNA664410,3,664410,SRS7392932,SAMN16213595,simple,449393,freshwater metagenome,ULD012,,,,,,,no,,,,,INDIANA UNIVERSITY,SRA1128180,,public,CAF72FDA00AC1EBFEF71525EA423CE3D,4B07B4D71A202448831CAE94906638F5,DNA
SRR12673014,2021-09-28 14:32:52,2020-09-18 19:11:34,175790,88246580,175790,502,58,,https://sra-downloadb.be-md.ncbi.nlm.nih.gov/sos8/sra-pub-zq-818/SRR012/12673/SRR12673014/SRR12673014.lite.1,SRX9152954,ULD109,AMPLICON,PCR,METAGENOMIC,PAIRED,0,0,ILLUMINA,Illumina MiSeq,SRP283915,PRJNA664410,3,664410,SRS7392929,SAMN16213691,simple,449393,freshwater metagenome,ULD109,,,,,,,no,,,,,INDIANA UNIVERSITY,SRA1128180,,public,DFB790C850616F17658FC4BF0C8FCBFD,67CBB8C7B58155A9D816EA0107235F1D,DNA
SRR12673013,2021-09-28 14:32:52,2020-09-18 19:11:35,168628,84651256,168628,502,55,,https://sra-downloadb.be-md.ncbi.nlm.nih.gov/sos9/sra-pub-zq-924/SRR012/12673/SRR12673013/SRR12673013.lite.1,SRX9152955,ULD110,AMPLICON,PCR,METAGENOMIC,PAIRED,0,0,ILLUMINA,Illumina MiSeq,SRP283915,PRJNA664410,3,664410,SRS7392930,SAMN16213692,simple,449393,freshwater metagenome,ULD110,,,,,,,no,,,,,INDIANA UNIVERSITY,SRA1128180,,public,624F0B6A552023D2E6605BD408ECC5A1,1F0CB47F3EC15660D615C59BBC2B07C1,DNA
SRR12673012,2021-09-28 14:32:52,2020-09-18 19:11:35,167627,84148754,167627,502,55,,https://sra-downloadb.be-md.ncbi.nlm.nih.gov/sos1/sra-pub-zq-38/SRR012/12673/SRR12673012/SRR12673012.lite.1,SRX9152956,ULD111,AMPLICON,PCR,METAGENOMIC,PAIRED,0,0,ILLUMINA,Illumina MiSeq,SRP283915,PRJNA664410,3,664410,SRS7392931,SAMN16213693,simple,449393,freshwater metagenome,ULD111,,,,,,,no,,,,,INDIANA UNIVERSITY,SRA1128180,,public,212698C5FE3F9F216D51A5BCCF0026C2,7704D05A841F09D12AAE74517802D949,DNA
SRR12673010,2021-09-28 14:32:52,2020-09-18 19:11:18,165009,82834518,165009,502,54,,https://sra-downloadb.be-md.ncbi.nlm.nih.gov/sos4/sra-pub-zq-1/SRR012/12673/SRR12673010/SRR12673010.lite.1,SRX9152958,ULD112,AMPLICON,PCR,METAGENOMIC,PAIRED,0,0,ILLUMINA,Illumina MiSeq,SRP283915,PRJNA664410,3,664410,SRS7392933,SAMN16213694,simple,449393,freshwater metagenome,ULD112,,,,,,,no,,,,,INDIANA UNIVERSITY,SRA1128180,,public,F0FF21EC1DC572FC539282DE5714E03D,660DBE6226ACD8C0B580F47E885EEBDF,DNA
SRR12673009,2021-09-28 14:32:52,2020-09-18 19:11:16,162588,81619176,162588,502,53,,https://sra-downloadb.be-md.ncbi.nlm.nih.gov/sos9/sra-pub-zq-924/SRR012/12673/SRR12673009/SRR12673009.lite.1,SRX9152959,ULD113,AMPLICON,PCR,METAGENOMIC,PAIRED,0,0,ILLUMINA,Illumina MiSeq,SRP283915,PRJNA664410,3,664410,SRS7392934,SAMN16213695,simple,449393,freshwater metagenome,ULD113,,,,,,,no,,,,,INDIANA UNIVERSITY,SRA1128180,,public,D5F11A28F245677474015789E1EFF976,BF3CBDA087A8FC5381B5DED1A49DA359,DNA
SRR12673008,2021-09-28 14:32:52,2020-09-18 19:11:18,176229,88466958,176229,502,59,,https://sra-downloadb.be-md.ncbi.nlm.nih.gov/sos4/sra-pub-zq-1/SRR012/12673/SRR12673008/SRR12673008.lite.1,SRX9152960,ULD114,AMPLICON,PCR,METAGENOMIC,PAIRED,0,0,ILLUMINA,Illumina MiSeq,SRP283915,PRJNA664410,3,664410,SRS7392935,SAMN16213696,simple,449393,freshwater metagenome,ULD114,,,,,,,no,,,,,INDIANA UNIVERSITY,SRA1128180,,public,64DAEBFC585440B993276967B515479C,F7025D4CC3E3FD41A5E71B8A30458DE6,DNA
SRR12673007,2021-09-28 14:32:52,2020-09-18 19:11:16,161387,81016274,161387,502,54,,https://sra-downloadb.be-md.ncbi.nlm.nih.gov/sos1/sra-pub-zq-38/SRR012/12673/SRR12673007/SRR12673007.lite.1,SRX9152961,ULD115,AMPLICON,PCR,METAGENOMIC,PAIRED,0,0,ILLUMINA,Illumina MiSeq,SRP283915,PRJNA664410,3,664410,SRS7392936,SAMN16213697,simple,449393,freshwater metagenome,ULD115,,,,,,,no,,,,,INDIANA UNIVERSITY,SRA1128180,,public,C6F89FDA4D5A1251AD1505D0370D9DAE,EEBC204BE1941522A1ADA13299D129C4,DNA
SRR12673006,2021-09-28 14:32:52,2020-09-18 19:11:04,179336,90026672,179336,502,58,,https://sra-downloadb.be-md.ncbi.nlm.nih.gov/sos8/sra-pub-zq-818/SRR012/12673/SRR12673006/SRR12673006.lite.1,SRX9152962,ULD116,AMPLICON,PCR,METAGENOMIC,PAIRED,0,0,ILLUMINA,Illumina MiSeq,SRP283915,PRJNA664410,3,664410,SRS7392937,SAMN16213698,simple,449393,freshwater metagenome,ULD116,,,,,,,no,,,,,INDIANA UNIVERSITY,SRA1128180,,public,EE59A297CDD1D097005E07E7857C58BC,21B9EF6C95E2491CD6318F007AF85CDA,DNA
SRR12673005,2021-09-28 14:32:52,2020-09-18 19:11:12,205539,103180578,205539,502,68,,https://sra-downloadb.be-md.ncbi.nlm.nih.gov/sos8/sra-pub-zq-820/SRR012/12673/SRR12673005/SRR12673005.lite.1,SRX9152963,ULD117,AMPLICON,PCR,METAGENOMIC,PAIRED,0,0,ILLUMINA,Illumina MiSeq,SRP283915,PRJNA664410,3,664410,SRS7392938,SAMN16213699,simple,449393,freshwater metagenome,ULD117,,,,,,,no,,,,,INDIANA UNIVERSITY,SRA1128180,,public,EB74085D3D63D02F1CAE4DCA8F64EFB5,AFA4642ECBE38986BC45668F135CFCCE,DNA
SRR12673000,2021-09-28 14:32:53,2020-09-18 19:11:10,248585,124789670,248585,502,81,,https://sra-downloadb.be-md.ncbi.nlm.nih.gov/sos4/sra-pub-zq-1/SRR012/12673/SRR12673000/SRR12673000.lite.1,SRX9152968,ULD013,AMPLICON,PCR,METAGENOMIC,PAIRED,0,0,ILLUMINA,Illumina MiSeq,SRP283915,PRJNA664410,3,664410,SRS7392943,SAMN16213596,simple,449393,freshwater metagenome,ULD013,,,,,,,no,,,,,INDIANA UNIVERSITY,SRA1128180,,public,97B0CD52A7116B2A60F291A7B0E2B90A,F607C6474C97D949878FB0FBDFE45984,DNA
SRR12673004,2021-09-28 14:32:53,2020-09-18 19:11:10,162892,81771784,162892,502,54,,https://sra-downloadb.be-md.ncbi.nlm.nih.gov/sos1/sra-pub-zq-38/SRR012/12673/SRR12673004/SRR12673004.lite.1,SRX9152964,ULD118,AMPLICON,PCR,METAGENOMIC,PAIRED,0,0,ILLUMINA,Illumina MiSeq,SRP283915,PRJNA664410,3,664410,SRS7392939,SAMN16213700,simple,449393,freshwater metagenome,ULD118,,,,,,,no,,,,,INDIANA UNIVERSITY,SRA1128180,,public,AE059778CBFDB6BDDE4E483762BCB6B7,32767040DE4A3DE1D5F2D774D2C4BABE,DNA
SRR12673003,2021-09-28 14:32:53,2020-09-18 19:11:08,161063,80853626,161063,502,53,,https://sra-downloadb.be-md.ncbi.nlm.nih.gov/sos8/sra-pub-zq-820/SRR012/12673/SRR12673003/SRR12673003.lite.1,SRX9152965,ULD119,AMPLICON,PCR,METAGENOMIC,PAIRED,0,0,ILLUMINA,Illumina MiSeq,SRP283915,PRJNA664410,3,664410,SRS7392940,SAMN16213701,simple,449393,freshwater metagenome,ULD119,,,,,,,no,,,,,INDIANA UNIVERSITY,SRA1128180,,public,1705CF57F2432105D697A9EAE2CAD07C,35E6FF4F6C6B81841393F802D4C86081,DNA
SRR12673002,2021-09-28 14:32:53,2020-09-18 19:11:07,168237,84454974,168237,502,55,,https://sra-downloadb.be-md.ncbi.nlm.nih.gov/sos4/sra-pub-zq-1/SRR012/12673/SRR12673002/SRR12673002.lite.1,SRX9152966,ULD120,AMPLICON,PCR,METAGENOMIC,PAIRED,0,0,ILLUMINA,Illumina MiSeq,SRP283915,PRJNA664410,3,664410,SRS7392941,SAMN16213702,simple,449393,freshwater metagenome,ULD120,,,,,,,no,,,,,INDIANA UNIVERSITY,SRA1128180,,public,E719E934A9EE248B4C8C6E33D18D5784,A09CF6583E1BB484250172CA9059E173,DNA
SRR12673001,2021-09-28 14:32:53,2020-09-18 19:11:07,172757,86724014,172757,502,57,,https://sra-downloadb.be-md.ncbi.nlm.nih.gov/sos4/sra-pub-zq-1/SRR012/12673/SRR12673001/SRR12673001.lite.1,SRX9152967,ULD121,AMPLICON,PCR,METAGENOMIC,PAIRED,0,0,ILLUMINA,Illumina MiSeq,SRP283915,PRJNA664410,3,664410,SRS7392942,SAMN16213703,simple,449393,freshwater metagenome,ULD121,,,,,,,no,,,,,INDIANA UNIVERSITY,SRA1128180,,public,1737E691BC0090716BBAF2C41E02ADA7,D8EF381CA7D081286690D2E614A9BF8B,DNA
SRR12672999,2021-09-28 14:32:53,2020-09-18 19:10:57,176272,88488544,176272,502,58,,https://sra-downloadb.be-md.ncbi.nlm.nih.gov/sos1/sra-pub-zq-38/SRR012/12672/SRR12672999/SRR12672999.lite.1,SRX9152969,ULD122,AMPLICON,PCR,METAGENOMIC,PAIRED,0,0,ILLUMINA,Illumina MiSeq,SRP283915,PRJNA664410,3,664410,SRS7392944,SAMN16213704,simple,449393,freshwater metagenome,ULD122,,,,,,,no,,,,,INDIANA UNIVERSITY,SRA1128180,,public,AD8B0D29639180A617FCD90983E5DBE0,224EE61DF56DCDA2615F0307D292996B,DNA
SRR12672998,2021-09-28 14:32:53,2020-09-18 19:10:57,155468,78044936,155468,502,51,,https://sra-downloadb.be-md.ncbi.nlm.nih.gov/sos8/sra-pub-zq-820/SRR012/12672/SRR12672998/SRR12672998.lite.1,SRX9152970,ULD123,AMPLICON,PCR,METAGENOMIC,PAIRED,0,0,ILLUMINA,Illumina MiSeq,SRP283915,PRJNA664410,3,664410,SRS7392945,SAMN16213705,simple,449393,freshwater metagenome,ULD123,,,,,,,no,,,,,INDIANA UNIVERSITY,SRA1128180,,public,82E8CDD8A289A83D8905EAFF0E984BFE,21BD56E087EA924341154AED331EF3A3,DNA
SRR12672997,2021-09-28 14:32:53,2020-09-18 19:11:07,202508,101659016,202508,502,67,,https://sra-downloadb.be-md.ncbi.nlm.nih.gov/sos1/sra-pub-zq-38/SRR012/12672/SRR12672997/SRR12672997.lite.1,SRX9152971,ULD124,AMPLICON,PCR,METAGENOMIC,PAIRED,0,0,ILLUMINA,Illumina MiSeq,SRP283915,PRJNA664410,3,664410,SRS7392946,SAMN16213706,simple,449393,freshwater metagenome,ULD124,,,,,,,no,,,,,INDIANA UNIVERSITY,SRA1128180,,public,60AAA7A528EC38DE7DBB0BD06E450718,C345ED6B22D7172866A3CEC86B552A4F,DNA
SRR12672996,2021-09-28 14:32:53,2020-09-18 19:11:04,221130,111007260,221130,502,70,,https://sra-downloadb.be-md.ncbi.nlm.nih.gov/sos9/sra-pub-zq-924/SRR012/12672/SRR12672996/SRR12672996.lite.1,SRX9152972,ULc001,AMPLICON,PCR,METATRANSCRIPTOMIC,PAIRED,0,0,ILLUMINA,Illumina MiSeq,SRP283915,PRJNA664410,3,664410,SRS7392947,SAMN16213707,simple,449393,freshwater metagenome,ULc001,,,,,,,no,,,,,INDIANA UNIVERSITY,SRA1128180,,public,89E5186E239119A2A6E88E7BB2E27273,BF5A6C353CAABC9FB5047FC9DDC405B6,RNA
SRR12672995,2021-09-28 14:32:53,2020-09-18 19:10:54,107971,54201442,107971,502,34,,https://sra-downloadb.be-md.ncbi.nlm.nih.gov/sos9/sra-pub-zq-924/SRR012/12672/SRR12672995/SRR12672995.lite.1,SRX9152973,ULc002,AMPLICON,PCR,METATRANSCRIPTOMIC,PAIRED,0,0,ILLUMINA,Illumina MiSeq,SRP283915,PRJNA664410,3,664410,SRS7392948,SAMN16213708,simple,449393,freshwater metagenome,ULc002,,,,,,,no,,,,,INDIANA UNIVERSITY,SRA1128180,,public,4693A73A82A73D308F2A6666BE00B40A,F7363F3F4B52E62582796746C838F467,RNA
SRR12672994,2021-09-28 14:32:53,2020-09-18 19:10:49,35937,18040374,35937,502,11,,https://sra-downloadb.be-md.ncbi.nlm.nih.gov/sos4/sra-pub-zq-1/SRR012/12672/SRR12672994/SRR12672994.lite.1,SRX9152974,ULc003,AMPLICON,PCR,METATRANSCRIPTOMIC,PAIRED,0,0,ILLUMINA,Illumina MiSeq,SRP283915,PRJNA664410,3,664410,SRS7392949,SAMN16213709,simple,449393,freshwater metagenome,ULc003,,,,,,,no,,,,,INDIANA UNIVERSITY,SRA1128180,,public,178E761E1CF964E6F5F2D59CE3058EC8,2F144A97972C23B2D9B808ADC397B8C9,RNA
SRR12672993,2021-09-28 14:32:53,2020-09-18 19:10:49,52764,26487528,52764,502,17,,https://sra-downloadb.be-md.ncbi.nlm.nih.gov/sos8/sra-pub-zq-820/SRR012/12672/SRR12672993/SRR12672993.lite.1,SRX9152975,ULc004,AMPLICON,PCR,METATRANSCRIPTOMIC,PAIRED,0,0,ILLUMINA,Illumina MiSeq,SRP283915,PRJNA664410,3,664410,SRS7392950,SAMN16213710,simple,449393,freshwater metagenome,ULc004,,,,,,,no,,,,,INDIANA UNIVERSITY,SRA1128180,,public,32E9DF1969E09CE1D4F8BCF6812D7426,AEBFEF0C00147FADA430EEF050E1D939,RNA
SRR12672992,2021-09-28 14:32:53,2020-09-18 19:10:58,89078,44717156,89078,502,28,,https://sra-downloadb.be-md.ncbi.nlm.nih.gov/sos9/sra-pub-zq-924/SRR012/12672/SRR12672992/SRR12672992.lite.1,SRX9152976,ULc005,AMPLICON,PCR,METATRANSCRIPTOMIC,PAIRED,0,0,ILLUMINA,Illumina MiSeq,SRP283915,PRJNA664410,3,664410,SRS7392951,SAMN16213711,simple,449393,freshwater metagenome,ULc005,,,,,,,no,,,,,INDIANA UNIVERSITY,SRA1128180,,public,01EF495AAE661E814799133851796B9F,6930ABE3D07CCE942027D1AFC2043B2C,RNA
SRR12672991,2021-09-28 14:32:53,2020-09-18 19:10:56,73672,36983344,73672,502,23,,https://sra-downloadb.be-md.ncbi.nlm.nih.gov/sos1/sra-pub-zq-38/SRR012/12672/SRR12672991/SRR12672991.lite.1,SRX9152977,ULc006,AMPLICON,PCR,METATRANSCRIPTOMIC,PAIRED,0,0,ILLUMINA,Illumina MiSeq,SRP283915,PRJNA664410,3,664410,SRS7392952,SAMN16213712,simple,449393,freshwater metagenome,ULc006,,,,,,,no,,,,,INDIANA UNIVERSITY,SRA1128180,,public,CC98BD12CFF581F6D2241B8432252ADF,01C7DC9141B8583429FCDFB7FFE804A1,RNA
SRR12672990,2021-09-28 14:32:53,2020-09-18 19:10:58,83238,41785476,83238,502,26,,https://sra-downloadb.be-md.ncbi.nlm.nih.gov/sos9/sra-pub-zq-924/SRR012/12672/SRR12672990/SRR12672990.lite.1,SRX9152978,ULc007,AMPLICON,PCR,METATRANSCRIPTOMIC,PAIRED,0,0,ILLUMINA,Illumina MiSeq,SRP283915,PRJNA664410,3,664410,SRS7392953,SAMN16213713,simple,449393,freshwater metagenome,ULc007,,,,,,,no,,,,,INDIANA UNIVERSITY,SRA1128180,,public,1857243718A9887BFE3663870CBD9EA1,EC35CD4C354AFD2D740D333D718EBBB7,RNA
SRR12672989,2021-09-28 14:32:53,2020-09-18 19:11:18,411465,206555430,411465,502,134,,https://sra-downloadb.be-md.ncbi.nlm.nih.gov/sos9/sra-pub-zq-924/SRR012/12672/SRR12672989/SRR12672989.lite.1,SRX9152979,ULD014,AMPLICON,PCR,METAGENOMIC,PAIRED,0,0,ILLUMINA,Illumina MiSeq,SRP283915,PRJNA664410,3,664410,SRS7392954,SAMN16213597,simple,449393,freshwater metagenome,ULD014,,,,,,,no,,,,,INDIANA UNIVERSITY,SRA1128180,,public,4B5BEFBE24E4832F0C82A66A91D1B70E,38B514CC41941C82EC82098C0376FE8E,DNA
SRR12672988,2021-09-28 14:32:53,2020-09-18 19:10:59,148198,74395396,148198,502,46,,https://sra-downloadb.be-md.ncbi.nlm.nih.gov/sos9/sra-pub-zq-924/SRR012/12672/SRR12672988/SRR12672988.lite.1,SRX9152980,ULc008,AMPLICON,PCR,METATRANSCRIPTOMIC,PAIRED,0,0,ILLUMINA,Illumina MiSeq,SRP283915,PRJNA664410,3,664410,SRS7392955,SAMN16213714,simple,449393,freshwater metagenome,ULc008,,,,,,,no,,,,,INDIANA UNIVERSITY,SRA1128180,,public,31AB91E2A2781BEB873E68F2918AC2B4,CF24DB00C0AB12D031EF49B263B511F5,RNA
SRR12672987,2021-09-28 14:32:53,2020-09-18 19:11:06,243606,122290212,243606,502,77,,https://sra-downloadb.be-md.ncbi.nlm.nih.gov/sos4/sra-pub-zq-1/SRR012/12672/SRR12672987/SRR12672987.lite.1,SRX9152981,ULc009,AMPLICON,PCR,METATRANSCRIPTOMIC,PAIRED,0,0,ILLUMINA,Illumina MiSeq,SRP283915,PRJNA664410,3,664410,SRS7392956,SAMN16213715,simple,449393,freshwater metagenome,ULc009,,,,,,,no,,,,,INDIANA UNIVERSITY,SRA1128180,,public,C4A93ABE05A044452D0E87C3806053E7,9D32AC2CD4CE8B59E177C01C947949CE,RNA
SRR12672986,2021-09-28 14:32:53,2020-09-18 19:10:59,145739,73160978,145739,502,44,,https://sra-downloadb.be-md.ncbi.nlm.nih.gov/sos1/sra-pub-zq-38/SRR012/12672/SRR12672986/SRR12672986.lite.1,SRX9152982,ULc010,AMPLICON,PCR,METATRANSCRIPTOMIC,PAIRED,0,0,ILLUMINA,Illumina MiSeq,SRP283915,PRJNA664410,3,664410,SRS7392957,SAMN16213716,simple,449393,freshwater metagenome,ULc010,,,,,,,no,,,,,INDIANA UNIVERSITY,SRA1128180,,public,BA67F0C71C036A277A61302336F3497D,55A69F504193A443B40A360459AF40C5,RNA
SRR12672985,2021-09-28 14:32:53,2020-09-18 19:10:52,71621,35953742,71621,502,22,,https://sra-downloadb.be-md.ncbi.nlm.nih.gov/sos4/sra-pub-zq-1/SRR012/12672/SRR12672985/SRR12672985.lite.1,SRX9152983,ULc011,AMPLICON,PCR,METATRANSCRIPTOMIC,PAIRED,0,0,ILLUMINA,Illumina MiSeq,SRP283915,PRJNA664410,3,664410,SRS7392958,SAMN16213717,simple,449393,freshwater metagenome,ULc011,,,,,,,no,,,,,INDIANA UNIVERSITY,SRA1128180,,public,E3754AF9386CC11164BBCD4B6B091DBD,1DD02298EDA7812898A3227A41053454,RNA
SRR12672984,2021-09-28 14:32:53,2020-09-18 19:10:59,93137,46754774,93137,502,28,,https://sra-downloadb.be-md.ncbi.nlm.nih.gov/sos1/sra-pub-zq-38/SRR012/12672/SRR12672984/SRR12672984.lite.1,SRX9152984,ULc012,AMPLICON,PCR,METATRANSCRIPTOMIC,PAIRED,0,0,ILLUMINA,Illumina MiSeq,SRP283915,PRJNA664410,3,664410,SRS7392959,SAMN16213718,simple,449393,freshwater metagenome,ULc012,,,,,,,no,,,,,INDIANA UNIVERSITY,SRA1128180,,public,C5B158C93374D7C08753A6FAECD267B0,124D324AA30C65C9D2FDCE778D4BD208,RNA
SRR12672983,2021-09-28 14:32:53,2020-09-18 19:11:27,489223,245589946,489223,502,152,,https://sra-downloadb.be-md.ncbi.nlm.nih.gov/sos9/sra-pub-zq-924/SRR012/12672/SRR12672983/SRR12672983.lite.1,SRX9152985,ULc013,AMPLICON,PCR,METATRANSCRIPTOMIC,PAIRED,0,0,ILLUMINA,Illumina MiSeq,SRP283915,PRJNA664410,3,664410,SRS7392960,SAMN16213719,simple,449393,freshwater metagenome,ULc013,,,,,,,no,,,,,INDIANA UNIVERSITY,SRA1128180,,public,9EEDEC4FAF65E58CAA6D5481F91710D5,B7F2DAA8519B54B414DB86F199B451DA,RNA
SRR12672982,2021-09-28 14:32:53,2020-09-18 19:10:53,120371,60426242,120371,502,37,,https://sra-downloadb.be-md.ncbi.nlm.nih.gov/sos9/sra-pub-zq-922/SRR012/12672/SRR12672982/SRR12672982.lite.1,SRX9152986,ULc014,AMPLICON,PCR,METATRANSCRIPTOMIC,PAIRED,0,0,ILLUMINA,Illumina MiSeq,SRP283915,PRJNA664410,3,664410,SRS7392961,SAMN16213720,simple,449393,freshwater metagenome,ULc014,,,,,,,no,,,,,INDIANA UNIVERSITY,SRA1128180,,public,484A7CB184611F27E9D8508511FDD535,789A8FD5B6B14E5D04E1558ABFCAB5EC,RNA
SRR12672981,2021-09-28 14:32:54,2020-09-18 19:10:52,259356,130196712,259356,502,75,,https://sra-downloadb.be-md.ncbi.nlm.nih.gov/sos4/sra-pub-zq-1/SRR012/12672/SRR12672981/SRR12672981.lite.1,SRX9152987,ULc015,AMPLICON,PCR,METATRANSCRIPTOMIC,PAIRED,0,0,ILLUMINA,Illumina MiSeq,SRP283915,PRJNA664410,3,664410,SRS7392962,SAMN16213721,simple,449393,freshwater metagenome,ULc015,,,,,,,no,,,,,INDIANA UNIVERSITY,SRA1128180,,public,24710AB19C8B386BC96A962DD4FD7B45,1A41595D5E50C6108B05B31EF21B70D6,RNA
SRR12672980,2021-09-28 14:32:56,2020-09-18 19:11:01,174477,87587454,174477,502,52,,https://sra-downloadb.be-md.ncbi.nlm.nih.gov/sos9/sra-pub-zq-924/SRR012/12672/SRR12672980/SRR12672980.lite.1,SRX9152988,ULc016,AMPLICON,PCR,METATRANSCRIPTOMIC,PAIRED,0,0,ILLUMINA,Illumina MiSeq,SRP283915,PRJNA664410,3,664410,SRS7392963,SAMN16213722,simple,449393,freshwater metagenome,ULc016,,,,,,,no,,,,,INDIANA UNIVERSITY,SRA1128180,,public,6DB3B147B3525C4A207910497F5E164B,C611C1A90A25D652D45C3E2782EE1C7F,RNA
SRR12672978,2021-09-28 14:32:56,2020-09-18 19:11:09,271111,136097722,271111,502,87,,https://sra-downloadb.be-md.ncbi.nlm.nih.gov/sos1/sra-pub-zq-38/SRR012/12672/SRR12672978/SRR12672978.lite.1,SRX9152990,ULD015,AMPLICON,PCR,METAGENOMIC,PAIRED,0,0,ILLUMINA,Illumina MiSeq,SRP283915,PRJNA664410,3,664410,SRS7392965,SAMN16213598,simple,449393,freshwater metagenome,ULD015,,,,,,,no,,,,,INDIANA UNIVERSITY,SRA1128180,,public,09608FD053F3A0B447EBEB64801330AA,037F6155AF06CBB0A5F56FF9B31F3588,DNA
SRR12672979,2021-09-28 14:32:56,2020-09-18 19:11:11,377348,189428696,377348,502,115,,https://sra-downloadb.be-md.ncbi.nlm.nih.gov/sos9/sra-pub-zq-924/SRR012/12672/SRR12672979/SRR12672979.lite.1,SRX9152989,ULc017,AMPLICON,PCR,METATRANSCRIPTOMIC,PAIRED,0,0,ILLUMINA,Illumina MiSeq,SRP283915,PRJNA664410,3,664410,SRS7392964,SAMN16213723,simple,449393,freshwater metagenome,ULc017,,,,,,,no,,,,,INDIANA UNIVERSITY,SRA1128180,,public,B4E94EDD375F1C11CACA41BAF6AABFE5,E40D02DA5AAC3C203D6E5F2A509F5497,RNA
SRR12672977,2021-09-28 14:32:56,2020-09-18 19:11:12,404927,203273354,404927,502,120,,https://sra-downloadb.be-md.ncbi.nlm.nih.gov/sos8/sra-pub-zq-818/SRR012/12672/SRR12672977/SRR12672977.lite.1,SRX9152991,ULc018,AMPLICON,PCR,METATRANSCRIPTOMIC,PAIRED,0,0,ILLUMINA,Illumina MiSeq,SRP283915,PRJNA664410,3,664410,SRS7392966,SAMN16213724,simple,449393,freshwater metagenome,ULc018,,,,,,,no,,,,,INDIANA UNIVERSITY,SRA1128180,,public,6348B99C5A73DFC98AE536B2897B616F,88478E15B3D8CFA34E44BA6566750584,RNA
SRR12672976,2021-09-28 14:32:56,2020-09-18 19:11:15,400855,201229210,400855,502,124,,https://sra-downloadb.be-md.ncbi.nlm.nih.gov/sos4/sra-pub-zq-1/SRR012/12672/SRR12672976/SRR12672976.lite.1,SRX9152992,ULc019,AMPLICON,PCR,METATRANSCRIPTOMIC,PAIRED,0,0,ILLUMINA,Illumina MiSeq,SRP283915,PRJNA664410,3,664410,SRS7392967,SAMN16213725,simple,449393,freshwater metagenome,ULc019,,,,,,,no,,,,,INDIANA UNIVERSITY,SRA1128180,,public,1A1FEE538928EA9C6159823DD742F8F9,5321BA145DB36411A1322A81C4A2DFA7,RNA
SRR12672975,2021-09-28 14:32:56,2020-09-18 19:11:06,275606,138354212,275606,502,85,,https://sra-downloadb.be-md.ncbi.nlm.nih.gov/sos1/sra-pub-zq-38/SRR012/12672/SRR12672975/SRR12672975.lite.1,SRX9152993,ULc020,AMPLICON,PCR,METATRANSCRIPTOMIC,PAIRED,0,0,ILLUMINA,Illumina MiSeq,SRP283915,PRJNA664410,3,664410,SRS7392968,SAMN16213726,simple,449393,freshwater metagenome,ULc020,,,,,,,no,,,,,INDIANA UNIVERSITY,SRA1128180,,public,A618933170AF69D76F8D66480643B701,A29410792F2B50AC113EA9373F25ED75,RNA
SRR12672974,2021-09-28 14:32:56,2020-09-18 19:11:01,233838,117386676,233838,502,73,,https://sra-downloadb.be-md.ncbi.nlm.nih.gov/sos9/sra-pub-zq-924/SRR012/12672/SRR12672974/SRR12672974.lite.1,SRX9152994,ULc021,AMPLICON,PCR,METATRANSCRIPTOMIC,PAIRED,0,0,ILLUMINA,Illumina MiSeq,SRP283915,PRJNA664410,3,664410,SRS7392969,SAMN16213727,simple,449393,freshwater metagenome,ULc021,,,,,,,no,,,,,INDIANA UNIVERSITY,SRA1128180,,public,82D8171DCAD304F76738F58F121B6241,E0888D707B671379A863E0255CA6A7BC,RNA
SRR12672973,2021-09-28 14:32:56,2020-09-18 19:11:01,237738,119344476,237738,502,76,,https://sra-downloadb.be-md.ncbi.nlm.nih.gov/sos9/sra-pub-zq-924/SRR012/12672/SRR12672973/SRR12672973.lite.1,SRX9152995,ULc022,AMPLICON,PCR,METATRANSCRIPTOMIC,PAIRED,0,0,ILLUMINA,Illumina MiSeq,SRP283915,PRJNA664410,3,664410,SRS7392970,SAMN16213728,simple,449393,freshwater metagenome,ULc022,,,,,,,no,,,,,INDIANA UNIVERSITY,SRA1128180,,public,1070300815043C991BBE6FBE20DF6897,21DFD028AAE5994947A4E20156AA8FBF,RNA
SRR12672972,2021-09-28 14:32:56,2020-09-18 19:10:57,195290,98035580,195290,502,60,,https://sra-downloadb.be-md.ncbi.nlm.nih.gov/sos9/sra-pub-zq-924/SRR012/12672/SRR12672972/SRR12672972.lite.1,SRX9152996,ULc023,AMPLICON,PCR,METATRANSCRIPTOMIC,PAIRED,0,0,ILLUMINA,Illumina MiSeq,SRP283915,PRJNA664410,3,664410,SRS7392971,SAMN16213729,simple,449393,freshwater metagenome,ULc023,,,,,,,no,,,,,INDIANA UNIVERSITY,SRA1128180,,public,60965ABCE8E7984950E45770795E7378,0DC1123E720B57EB5B52C5339127146E,RNA
SRR12672971,2021-09-28 14:32:56,2020-09-18 19:11:05,232216,116572432,232216,502,68,,https://sra-downloadb.be-md.ncbi.nlm.nih.gov/sos4/sra-pub-zq-1/SRR012/12672/SRR12672971/SRR12672971.lite.1,SRX9152997,ULc024,AMPLICON,PCR,METATRANSCRIPTOMIC,PAIRED,0,0,ILLUMINA,Illumina MiSeq,SRP283915,PRJNA664410,3,664410,SRS7392972,SAMN16213730,simple,449393,freshwater metagenome,ULc024,,,,,,,no,,,,,INDIANA UNIVERSITY,SRA1128180,,public,4180A3C0248CFC3DB8F9AAA7A39B2694,7C3F35CF91A9DF4E24FF576BAB664655,RNA
SRR12672970,2021-09-28 14:32:56,2020-09-18 19:10:57,282175,141651850,282175,502,86,,https://sra-downloadb.be-md.ncbi.nlm.nih.gov/sos8/sra-pub-zq-818/SRR012/12672/SRR12672970/SRR12672970.lite.1,SRX9152998,ULc025,AMPLICON,PCR,METATRANSCRIPTOMIC,PAIRED,0,0,ILLUMINA,Illumina MiSeq,SRP283915,PRJNA664410,3,664410,SRS7392973,SAMN16213731,simple,449393,freshwater metagenome,ULc025,,,,,,,no,,,,,INDIANA UNIVERSITY,SRA1128180,,public,475C6FC5220A831A008626A4882E7799,D4A6F003F8B0502A9EE1AC6C0023B55B,RNA
SRR12672967,2021-09-28 14:32:57,2020-09-18 19:11:08,329134,165225268,329134,502,105,,https://sra-downloadb.be-md.ncbi.nlm.nih.gov/sos9/sra-pub-zq-922/SRR012/12672/SRR12672967/SRR12672967.lite.1,SRX9153001,ULD016,AMPLICON,PCR,METAGENOMIC,PAIRED,0,0,ILLUMINA,Illumina MiSeq,SRP283915,PRJNA664410,3,664410,SRS7392976,SAMN16213599,simple,449393,freshwater metagenome,ULD016,,,,,,,no,,,,,INDIANA UNIVERSITY,SRA1128180,,public,2FCF559A6AE941939A84444D730AD951,33AB1C6D98B88DDBDE181382FF53AA79,DNA
SRR12672969,2021-09-28 14:32:56,2020-09-18 19:10:51,158547,79590594,158547,502,47,,https://sra-downloadb.be-md.ncbi.nlm.nih.gov/sos8/sra-pub-zq-818/SRR012/12672/SRR12672969/SRR12672969.lite.1,SRX9152999,ULc026,AMPLICON,PCR,METATRANSCRIPTOMIC,PAIRED,0,0,ILLUMINA,Illumina MiSeq,SRP283915,PRJNA664410,3,664410,SRS7392974,SAMN16213732,simple,449393,freshwater metagenome,ULc026,,,,,,,no,,,,,INDIANA UNIVERSITY,SRA1128180,,public,7627DE794F08E988815B1D1C55079092,1FC9D1DDDDC3D280B20A7D22C3FCED71,RNA
SRR12672968,2021-09-28 14:32:56,2020-09-18 19:11:06,327052,164180104,327052,502,98,,https://sra-downloadb.be-md.ncbi.nlm.nih.gov/sos8/sra-pub-zq-820/SRR012/12672/SRR12672968/SRR12672968.lite.1,SRX9153000,ULc027,AMPLICON,PCR,METATRANSCRIPTOMIC,PAIRED,0,0,ILLUMINA,Illumina MiSeq,SRP283915,PRJNA664410,3,664410,SRS7392975,SAMN16213733,simple,449393,freshwater metagenome,ULc027,,,,,,,no,,,,,INDIANA UNIVERSITY,SRA1128180,,public,1EA06281A35E648CA6BEC683A6B1B766,D54D94DB0DBC1967296BC94F6B723693,RNA
SRR12672966,2021-09-28 14:32:57,2020-09-18 19:10:51,164071,82363642,164071,502,50,,https://sra-downloadb.be-md.ncbi.nlm.nih.gov/sos9/sra-pub-zq-924/SRR012/12672/SRR12672966/SRR12672966.lite.1,SRX9153002,ULc028,AMPLICON,PCR,METATRANSCRIPTOMIC,PAIRED,0,0,ILLUMINA,Illumina MiSeq,SRP283915,PRJNA664410,3,664410,SRS7392977,SAMN16213734,simple,449393,freshwater metagenome,ULc028,,,,,,,no,,,,,INDIANA UNIVERSITY,SRA1128180,,public,781C2D3E138B6A783FD22C12C34C4F86,FB4C16A2AEAED82FBC054CBB15B0DEDF,RNA
SRR12672965,2021-09-28 14:32:57,2020-09-18 19:10:51,143681,72127862,143681,502,44,,https://sra-downloadb.be-md.ncbi.nlm.nih.gov/sos8/sra-pub-zq-820/SRR012/12672/SRR12672965/SRR12672965.lite.1,SRX9153003,ULc029,AMPLICON,PCR,METATRANSCRIPTOMIC,PAIRED,0,0,ILLUMINA,Illumina MiSeq,SRP283915,PRJNA664410,3,664410,SRS7392978,SAMN16213735,simple,449393,freshwater metagenome,ULc029,,,,,,,no,,,,,INDIANA UNIVERSITY,SRA1128180,,public,B6F42D3003350876A9EB87E9AE6C7070,86F278C89D2FE81BF72929626CFF7BBF,RNA
SRR12672964,2021-09-28 14:32:57,2020-09-18 19:10:46,118204,59338408,118204,502,36,,https://sra-downloadb.be-md.ncbi.nlm.nih.gov/sos9/sra-pub-zq-924/SRR012/12672/SRR12672964/SRR12672964.lite.1,SRX9153004,ULc030,AMPLICON,PCR,METATRANSCRIPTOMIC,PAIRED,0,0,ILLUMINA,Illumina MiSeq,SRP283915,PRJNA664410,3,664410,SRS7392979,SAMN16213736,simple,449393,freshwater metagenome,ULc030,,,,,,,no,,,,,INDIANA UNIVERSITY,SRA1128180,,public,8F08A4D1C89660C64975FC40E786979F,A756C881D9D64F6B442537DBF49B9CD1,RNA
SRR12672963,2021-09-28 14:32:57,2020-09-18 19:10:40,76809,38558118,76809,502,23,,https://sra-downloadb.be-md.ncbi.nlm.nih.gov/sos4/sra-pub-zq-1/SRR012/12672/SRR12672963/SRR12672963.lite.1,SRX9153005,ULc031,AMPLICON,PCR,METATRANSCRIPTOMIC,PAIRED,0,0,ILLUMINA,Illumina MiSeq,SRP283915,PRJNA664410,3,664410,SRS7392980,SAMN16213737,simple,449393,freshwater metagenome,ULc031,,,,,,,no,,,,,INDIANA UNIVERSITY,SRA1128180,,public,BB1B63C89F8877152FF4DBD92E73A692,CC16AEB41A88148CC8C7D731E67F9FAC,RNA
SRR12672962,2021-09-28 14:32:57,2020-09-18 19:10:47,264514,132786028,264514,502,81,,https://sra-downloadb.be-md.ncbi.nlm.nih.gov/sos9/sra-pub-zq-924/SRR012/12672/SRR12672962/SRR12672962.lite.1,SRX9153006,ULc032,AMPLICON,PCR,METATRANSCRIPTOMIC,PAIRED,0,0,ILLUMINA,Illumina MiSeq,SRP283915,PRJNA664410,3,664410,SRS7392981,SAMN16213738,simple,449393,freshwater metagenome,ULc032,,,,,,,no,,,,,INDIANA UNIVERSITY,SRA1128180,,public,FF1002B758FE992D8934600D201BA7AA,41EDB1767AB645F5E02E3407FF15CBB8,RNA
SRR12672961,2021-09-28 14:32:57,2020-09-18 19:10:23,153358,76985716,153358,502,46,,https://sra-downloadb.be-md.ncbi.nlm.nih.gov/sos9/sra-pub-zq-924/SRR012/12672/SRR12672961/SRR12672961.lite.1,SRX9153007,ULc034,AMPLICON,PCR,METATRANSCRIPTOMIC,PAIRED,0,0,ILLUMINA,Illumina MiSeq,SRP283915,PRJNA664410,3,664410,SRS7392982,SAMN16213739,simple,449393,freshwater metagenome,ULc034,,,,,,,no,,,,,INDIANA UNIVERSITY,SRA1128180,,public,90C78BF54494EFF7B3701EAFCB3F341C,ADADAA27837142103F58B95A90E3DC05,RNA
SRR12672960,2021-09-28 14:32:57,2020-09-18 19:10:19,57224,28726448,57224,502,17,,https://sra-downloadb.be-md.ncbi.nlm.nih.gov/sos1/sra-pub-zq-38/SRR012/12672/SRR12672960/SRR12672960.lite.1,SRX9153008,ULc035,AMPLICON,PCR,METATRANSCRIPTOMIC,PAIRED,0,0,ILLUMINA,Illumina MiSeq,SRP283915,PRJNA664410,3,664410,SRS7392983,SAMN16213740,simple,449393,freshwater metagenome,ULc035,,,,,,,no,,,,,INDIANA UNIVERSITY,SRA1128180,,public,369E5B1202ECC8E295A0177DC5E0E2E7,79A6CC306043A379BA2C98232BE37541,RNA
SRR12672956,2021-09-28 14:32:57,2020-09-18 19:10:40,323711,162502922,323711,502,105,,https://sra-downloadb.be-md.ncbi.nlm.nih.gov/sos9/sra-pub-zq-924/SRR012/12672/SRR12672956/SRR12672956.lite.1,SRX9153012,ULD017,AMPLICON,PCR,METAGENOMIC,PAIRED,0,0,ILLUMINA,Illumina MiSeq,SRP283915,PRJNA664410,3,664410,SRS7392987,SAMN16213600,simple,449393,freshwater metagenome,ULD017,,,,,,,no,,,,,INDIANA UNIVERSITY,SRA1128180,,public,EBA1FFF8A2F15B93B23DC448F4E70421,1FDD17F850CD9495E1B2F91C6EAF9FB5,DNA
SRR12672959,2021-09-28 14:32:57,2020-09-18 19:10:15,61801,31024102,61801,502,18,,https://sra-downloadb.be-md.ncbi.nlm.nih.gov/sos1/sra-pub-zq-38/SRR012/12672/SRR12672959/SRR12672959.lite.1,SRX9153009,ULc036,AMPLICON,PCR,METATRANSCRIPTOMIC,PAIRED,0,0,ILLUMINA,Illumina MiSeq,SRP283915,PRJNA664410,3,664410,SRS7392984,SAMN16213741,simple,449393,freshwater metagenome,ULc036,,,,,,,no,,,,,INDIANA UNIVERSITY,SRA1128180,,public,6C8D62F3CD84AC7FE2FCC582925492CE,B5BC7BE9BA681F1BA02D46DADB81C0D5,RNA
SRR12672958,2021-09-28 14:32:57,2020-09-18 19:10:16,58129,29180758,58129,502,18,,https://sra-downloadb.be-md.ncbi.nlm.nih.gov/sos9/sra-pub-zq-924/SRR012/12672/SRR12672958/SRR12672958.lite.1,SRX9153010,ULc037,AMPLICON,PCR,METATRANSCRIPTOMIC,PAIRED,0,0,ILLUMINA,Illumina MiSeq,SRP283915,PRJNA664410,3,664410,SRS7392985,SAMN16213742,simple,449393,freshwater metagenome,ULc037,,,,,,,no,,,,,INDIANA UNIVERSITY,SRA1128180,,public,F2FB991B16FDD4893666B03540A8C8B2,8E889914A34315D47B7F5502971FB9A2,RNA
SRR12672957,2021-09-28 14:32:57,2020-09-18 19:10:23,109692,55065384,109692,502,32,,https://sra-downloadb.be-md.ncbi.nlm.nih.gov/sos9/sra-pub-zq-924/SRR012/12672/SRR12672957/SRR12672957.lite.1,SRX9153011,ULc038,AMPLICON,PCR,METATRANSCRIPTOMIC,PAIRED,0,0,ILLUMINA,Illumina MiSeq,SRP283915,PRJNA664410,3,664410,SRS7392986,SAMN16213743,simple,449393,freshwater metagenome,ULc038,,,,,,,no,,,,,INDIANA UNIVERSITY,SRA1128180,,public,9C22D1D6C6E1E03A2B9D24855A140D9C,7CE71E730B0A8555BC7894A7BC5CE109,RNA
SRR12672955,2021-09-28 14:32:57,2020-09-18 19:10:21,219786,110332572,219786,502,66,,https://sra-downloadb.be-md.ncbi.nlm.nih.gov/sos1/sra-pub-zq-38/SRR012/12672/SRR12672955/SRR12672955.lite.1,SRX9153013,ULc039,AMPLICON,PCR,METATRANSCRIPTOMIC,PAIRED,0,0,ILLUMINA,Illumina MiSeq,SRP283915,PRJNA664410,3,664410,SRS7392988,SAMN16213744,simple,449393,freshwater metagenome,ULc039,,,,,,,no,,,,,INDIANA UNIVERSITY,SRA1128180,,public,21A0E4596DCB4AAC035DB9E0E395F2F7,DED39D65798D1C5DDA3595882C4E4BF0,RNA
SRR12672954,2021-09-28 14:32:57,2020-09-18 19:10:20,73415,36854330,73415,502,22,,https://sra-downloadb.be-md.ncbi.nlm.nih.gov/sos4/sra-pub-zq-1/SRR012/12672/SRR12672954/SRR12672954.lite.1,SRX9153014,ULc040,AMPLICON,PCR,METATRANSCRIPTOMIC,PAIRED,0,0,ILLUMINA,Illumina MiSeq,SRP283915,PRJNA664410,3,664410,SRS7392989,SAMN16213745,simple,449393,freshwater metagenome,ULc040,,,,,,,no,,,,,INDIANA UNIVERSITY,SRA1128180,,public,C5F25367B38587CD4F01D55CBE5283A9,1D141928848E5B79CC72EF379270CB32,RNA
SRR12672953,2021-09-28 14:32:57,2020-09-18 19:10:22,120715,60598930,120715,502,37,,https://sra-downloadb.be-md.ncbi.nlm.nih.gov/sos9/sra-pub-zq-924/SRR012/12672/SRR12672953/SRR12672953.lite.1,SRX9153015,ULc041,AMPLICON,PCR,METATRANSCRIPTOMIC,PAIRED,0,0,ILLUMINA,Illumina MiSeq,SRP283915,PRJNA664410,3,664410,SRS7392990,SAMN16213746,simple,449393,freshwater metagenome,ULc041,,,,,,,no,,,,,INDIANA UNIVERSITY,SRA1128180,,public,F3785614F18151D46908D98BBFA5D80F,3134D792963469C4FC7D31053E9D9A8D,RNA
SRR12672952,2021-09-28 14:32:57,2020-09-18 19:10:20,61118,30681236,61118,502,18,,https://sra-downloadb.be-md.ncbi.nlm.nih.gov/sos9/sra-pub-zq-924/SRR012/12672/SRR12672952/SRR12672952.lite.1,SRX9153016,ULc042,AMPLICON,PCR,METATRANSCRIPTOMIC,PAIRED,0,0,ILLUMINA,Illumina MiSeq,SRP283915,PRJNA664410,3,664410,SRS7392991,SAMN16213747,simple,449393,freshwater metagenome,ULc042,,,,,,,no,,,,,INDIANA UNIVERSITY,SRA1128180,,public,0AF344C790894250EFC8D6B73B728EB4,F774E7FB60C10A7349516EFE74C5C569,RNA
SRR12672951,2021-09-28 14:32:57,2020-09-18 19:10:18,105542,52982084,105542,502,33,,https://sra-downloadb.be-md.ncbi.nlm.nih.gov/sos8/sra-pub-zq-820/SRR012/12672/SRR12672951/SRR12672951.lite.1,SRX9153017,ULc043,AMPLICON,PCR,METATRANSCRIPTOMIC,PAIRED,0,0,ILLUMINA,Illumina MiSeq,SRP283915,PRJNA664410,3,664410,SRS7392992,SAMN16213748,simple,449393,freshwater metagenome,ULc043,,,,,,,no,,,,,INDIANA UNIVERSITY,SRA1128180,,public,076557361CCF85274DED94B68ACE8481,3B0F27026825F9DD9EF22F236C045FF8,RNA
SRR12672950,2021-09-28 14:32:57,2020-09-18 19:10:26,140012,70286024,140012,502,44,,https://sra-downloadb.be-md.ncbi.nlm.nih.gov/sos8/sra-pub-zq-818/SRR012/12672/SRR12672950/SRR12672950.lite.1,SRX9153018,ULc044,AMPLICON,PCR,METATRANSCRIPTOMIC,PAIRED,0,0,ILLUMINA,Illumina MiSeq,SRP283915,PRJNA664410,3,664410,SRS7392993,SAMN16213749,simple,449393,freshwater metagenome,ULc044,,,,,,,no,,,,,INDIANA UNIVERSITY,SRA1128180,,public,DC4EF65660C8E2A0ECDB6C0CD167DD99,4D42C43E180807891F0181F59A5FF501,RNA
SRR12672945,2021-09-28 14:32:57,2020-09-18 19:10:21,161469,81057438,161469,502,52,,https://sra-downloadb.be-md.ncbi.nlm.nih.gov/sos4/sra-pub-zq-1/SRR012/12672/SRR12672945/SRR12672945.lite.1,SRX9153023,ULD018,AMPLICON,PCR,METAGENOMIC,PAIRED,0,0,ILLUMINA,Illumina MiSeq,SRP283915,PRJNA664410,3,664410,SRS7392998,SAMN16213601,simple,449393,freshwater metagenome,ULD018,,,,,,,no,,,,,INDIANA UNIVERSITY,SRA1128180,,public,9E235F6A49038363D2A888EDDF792CC2,40F3C38727DF1F315D6B09766FC9E9E2,DNA
SRR12672949,2021-09-28 14:32:57,2020-09-18 19:10:15,82896,41613792,82896,502,26,,https://sra-downloadb.be-md.ncbi.nlm.nih.gov/sos1/sra-pub-zq-38/SRR012/12672/SRR12672949/SRR12672949.lite.1,SRX9153019,ULc045,AMPLICON,PCR,METATRANSCRIPTOMIC,PAIRED,0,0,ILLUMINA,Illumina MiSeq,SRP283915,PRJNA664410,3,664410,SRS7392994,SAMN16213750,simple,449393,freshwater metagenome,ULc045,,,,,,,no,,,,,INDIANA UNIVERSITY,SRA1128180,,public,4F2D3E4AADD9638C5CB83F1A32A72BA8,E031E9B3438E1366696F0AEFCE177908,RNA
SRR12672948,2021-09-28 14:32:57,2020-09-18 19:10:31,144577,72577654,144577,502,47,,https://sra-downloadb.be-md.ncbi.nlm.nih.gov/sos1/sra-pub-zq-38/SRR012/12672/SRR12672948/SRR12672948.lite.1,SRX9153020,ULc046,AMPLICON,PCR,METATRANSCRIPTOMIC,PAIRED,0,0,ILLUMINA,Illumina MiSeq,SRP283915,PRJNA664410,3,664410,SRS7392995,SAMN16213751,simple,449393,freshwater metagenome,ULc046,,,,,,,no,,,,,INDIANA UNIVERSITY,SRA1128180,,public,5373230E79594DDB8D67C4B99D174C07,494FAA04A450212525F47B473F00860C,RNA
SRR12672947,2021-09-28 14:32:57,2020-09-18 19:10:15,65626,32944252,65626,502,20,,https://sra-downloadb.be-md.ncbi.nlm.nih.gov/sos4/sra-pub-zq-1/SRR012/12672/SRR12672947/SRR12672947.lite.1,SRX9153021,ULc047,AMPLICON,PCR,METATRANSCRIPTOMIC,PAIRED,0,0,ILLUMINA,Illumina MiSeq,SRP283915,PRJNA664410,3,664410,SRS7392996,SAMN16213752,simple,449393,freshwater metagenome,ULc047,,,,,,,no,,,,,INDIANA UNIVERSITY,SRA1128180,,public,7D92B3D99C59BD01C58A3D13EBAF4746,867ECF1D3440BAD518908B948977B603,RNA
SRR12672946,2021-09-28 14:32:57,2020-09-18 19:10:19,84666,42502332,84666,502,27,,https://sra-downloadb.be-md.ncbi.nlm.nih.gov/sos8/sra-pub-zq-820/SRR012/12672/SRR12672946/SRR12672946.lite.1,SRX9153022,ULc048,AMPLICON,PCR,METATRANSCRIPTOMIC,PAIRED,0,0,ILLUMINA,Illumina MiSeq,SRP283915,PRJNA664410,3,664410,SRS7392997,SAMN16213753,simple,449393,freshwater metagenome,ULc048,,,,,,,no,,,,,INDIANA UNIVERSITY,SRA1128180,,public,F1B4848FBE2F812CF02AF418483177E8,FD2E81C3459390799408ADA46557D69A,RNA
SRR12672944,2021-09-28 14:32:57,2020-09-18 19:10:26,60236,30238472,60236,502,18,,https://sra-downloadb.be-md.ncbi.nlm.nih.gov/sos4/sra-pub-zq-1/SRR012/12672/SRR12672944/SRR12672944.lite.1,SRX9153024,ULc049,AMPLICON,PCR,METATRANSCRIPTOMIC,PAIRED,0,0,ILLUMINA,Illumina MiSeq,SRP283915,PRJNA664410,3,664410,SRS7392999,SAMN16213754,simple,449393,freshwater metagenome,ULc049,,,,,,,no,,,,,INDIANA UNIVERSITY,SRA1128180,,public,E80D259353122E8568B5ACEB33E4D329,F47853D8CEF7DE6CE85FAAFB5EF7A58F,RNA
SRR12672943,2021-09-28 14:32:58,2020-09-18 19:10:19,124088,62292176,124088,502,38,,https://sra-downloadb.be-md.ncbi.nlm.nih.gov/sos9/sra-pub-zq-924/SRR012/12672/SRR12672943/SRR12672943.lite.1,SRX9153025,ULc050,AMPLICON,PCR,METATRANSCRIPTOMIC,PAIRED,0,0,ILLUMINA,Illumina MiSeq,SRP283915,PRJNA664410,3,664410,SRS7393000,SAMN16213755,simple,449393,freshwater metagenome,ULc050,,,,,,,no,,,,,INDIANA UNIVERSITY,SRA1128180,,public,F6D3E5F16D9D3B164B3ECC07D285283F,795E7821D791AA615B4C37E571DB0918,RNA
SRR12672942,2021-09-28 14:32:58,2020-09-18 19:10:39,255886,128454772,255886,502,83,,https://sra-downloadb.be-md.ncbi.nlm.nih.gov/sos9/sra-pub-zq-924/SRR012/12672/SRR12672942/SRR12672942.lite.1,SRX9153026,ULc051,AMPLICON,PCR,METATRANSCRIPTOMIC,PAIRED,0,0,ILLUMINA,Illumina MiSeq,SRP283915,PRJNA664410,3,664410,SRS7393001,SAMN16213756,simple,449393,freshwater metagenome,ULc051,,,,,,,no,,,,,INDIANA UNIVERSITY,SRA1128180,,public,7BE9406946B89581B8CA9677695F8697,0D16FDB111292977556DC94A06A7237A,RNA
SRR12672941,2021-09-28 14:32:58,2020-09-18 19:10:23,122212,61350424,122212,502,38,,https://sra-downloadb.be-md.ncbi.nlm.nih.gov/sos9/sra-pub-zq-924/SRR012/12672/SRR12672941/SRR12672941.lite.1,SRX9153027,ULc052,AMPLICON,PCR,METATRANSCRIPTOMIC,PAIRED,0,0,ILLUMINA,Illumina MiSeq,SRP283915,PRJNA664410,3,664410,SRS7393002,SAMN16213757,simple,449393,freshwater metagenome,ULc052,,,,,,,no,,,,,INDIANA UNIVERSITY,SRA1128180,,public,180869F943E93A931FE111EC3FA7E5CA,0BA816E3AE1F528AB76AE0307991DBD1,RNA
SRR12672940,2021-09-28 14:32:58,2020-09-18 19:10:28,133192,66862384,133192,502,42,,https://sra-downloadb.be-md.ncbi.nlm.nih.gov/sos9/sra-pub-zq-924/SRR012/12672/SRR12672940/SRR12672940.lite.1,SRX9153028,ULc053,AMPLICON,PCR,METATRANSCRIPTOMIC,PAIRED,0,0,ILLUMINA,Illumina MiSeq,SRP283915,PRJNA664410,3,664410,SRS7393003,SAMN16213758,simple,449393,freshwater metagenome,ULc053,,,,,,,no,,,,,INDIANA UNIVERSITY,SRA1128180,,public,99FBBD443AC7B4234C8CF9E524D5A727,4507F0A3F3A8ED96DE3AC1CD26143B46,RNA
SRR12672939,2021-09-28 14:32:58,2020-09-18 19:10:22,72195,36241890,72195,502,22,,https://sra-downloadb.be-md.ncbi.nlm.nih.gov/sos9/sra-pub-zq-924/SRR012/12672/SRR12672939/SRR12672939.lite.1,SRX9153029,ULc054,AMPLICON,PCR,METATRANSCRIPTOMIC,PAIRED,0,0,ILLUMINA,Illumina MiSeq,SRP283915,PRJNA664410,3,664410,SRS7393004,SAMN16213759,simple,449393,freshwater metagenome,ULc054,,,,,,,no,,,,,INDIANA UNIVERSITY,SRA1128180,,public,35C6C19D41F161BD65E5B1ADB2F069D2,E640C02AB80CEA3DFE1CACC75A7B4235,RNA
SRR12672938,2021-09-28 14:32:58,2020-09-18 19:10:19,31086,15605172,31086,502,10,,https://sra-downloadb.be-md.ncbi.nlm.nih.gov/sos8/sra-pub-zq-818/SRR012/12672/SRR12672938/SRR12672938.lite.1,SRX9153030,ULc055,AMPLICON,PCR,METATRANSCRIPTOMIC,PAIRED,0,0,ILLUMINA,Illumina MiSeq,SRP283915,PRJNA664410,3,664410,SRS7393005,SAMN16213760,simple,449393,freshwater metagenome,ULc055,,,,,,,no,,,,,INDIANA UNIVERSITY,SRA1128180,,public,E6D08AD896D53305B388D910443886CA,85280DB110096DAD6FB41A4CBD6F655B,RNA
SRR12672937,2021-09-28 14:32:58,2020-09-18 19:10:39,260434,130737868,260434,502,84,,https://sra-downloadb.be-md.ncbi.nlm.nih.gov/sos1/sra-pub-zq-38/SRR012/12672/SRR12672937/SRR12672937.lite.1,SRX9153031,ULc056,AMPLICON,PCR,METATRANSCRIPTOMIC,PAIRED,0,0,ILLUMINA,Illumina MiSeq,SRP283915,PRJNA664410,3,664410,SRS7393006,SAMN16213761,simple,449393,freshwater metagenome,ULc056,,,,,,,no,,,,,INDIANA UNIVERSITY,SRA1128180,,public,9EDC369C123E1BCBB49B4646F192A914,38EFA9F5B046C17627D4ECB7E2D120EE,RNA
SRR12672936,2021-09-28 14:32:58,2020-09-18 19:10:19,35928,18035856,35928,502,11,,https://sra-downloadb.be-md.ncbi.nlm.nih.gov/sos8/sra-pub-zq-820/SRR012/12672/SRR12672936/SRR12672936.lite.1,SRX9153032,ULc057,AMPLICON,PCR,METATRANSCRIPTOMIC,PAIRED,0,0,ILLUMINA,Illumina MiSeq,SRP283915,PRJNA664410,3,664410,SRS7393007,SAMN16213762,simple,449393,freshwater metagenome,ULc057,,,,,,,no,,,,,INDIANA UNIVERSITY,SRA1128180,,public,C8171E377C7F5660F3A854DB35A91FBC,8E0469D0B34CC299D6BE16619A61136D,RNA
SRR12672935,2021-09-28 14:32:58,2020-09-18 19:10:32,240417,120689334,240417,502,78,,https://sra-downloadb.be-md.ncbi.nlm.nih.gov/sos4/sra-pub-zq-1/SRR012/12672/SRR12672935/SRR12672935.lite.1,SRX9153033,ULc058,AMPLICON,PCR,METATRANSCRIPTOMIC,PAIRED,0,0,ILLUMINA,Illumina MiSeq,SRP283915,PRJNA664410,3,664410,SRS7393008,SAMN16213763,simple,449393,freshwater metagenome,ULc058,,,,,,,no,,,,,INDIANA UNIVERSITY,SRA1128180,,public,278B2C8D5EF6EBE680311FC16E1AF194,DDC672C89B11CE1E1EBF3F3C6165F73C,RNA
SRR12672934,2021-09-28 14:32:58,2020-09-18 19:10:28,187719,94234938,187719,502,61,,https://sra-downloadb.be-md.ncbi.nlm.nih.gov/sos8/sra-pub-zq-820/SRR012/12672/SRR12672934/SRR12672934.lite.1,SRX9153034,ULD019,AMPLICON,PCR,METAGENOMIC,PAIRED,0,0,ILLUMINA,Illumina MiSeq,SRP283915,PRJNA664410,3,664410,SRS7393009,SAMN16213602,simple,449393,freshwater metagenome,ULD019,,,,,,,no,,,,,INDIANA UNIVERSITY,SRA1128180,,public,9785886D19E4DBCF262A3087FDB629B9,128587A5D2A9D04F6DDB80085FCE6C0E,DNA
SRR12672933,2021-09-28 14:32:58,2020-09-18 19:10:23,72829,36560158,72829,502,23,,https://sra-downloadb.be-md.ncbi.nlm.nih.gov/sos4/sra-pub-zq-1/SRR012/12672/SRR12672933/SRR12672933.lite.1,SRX9153035,ULc059,AMPLICON,PCR,METATRANSCRIPTOMIC,PAIRED,0,0,ILLUMINA,Illumina MiSeq,SRP283915,PRJNA664410,3,664410,SRS7393010,SAMN16213764,simple,449393,freshwater metagenome,ULc059,,,,,,,no,,,,,INDIANA UNIVERSITY,SRA1128180,,public,0DE8B9B14AB169D80EB7C9D999229AA7,B9CBD76098B34765C0C2C4A57EEA54F5,RNA
SRR12672932,2021-09-28 14:32:58,2020-09-18 19:10:21,170778,85730556,170778,502,54,,https://sra-downloadb.be-md.ncbi.nlm.nih.gov/sos9/sra-pub-zq-924/SRR012/12672/SRR12672932/SRR12672932.lite.1,SRX9153036,ULc060,AMPLICON,PCR,METATRANSCRIPTOMIC,PAIRED,0,0,ILLUMINA,Illumina MiSeq,SRP283915,PRJNA664410,3,664410,SRS7393011,SAMN16213765,simple,449393,freshwater metagenome,ULc060,,,,,,,no,,,,,INDIANA UNIVERSITY,SRA1128180,,public,B1634940C03A57B7F1B016E328D7C380,77DB4AF6BB14B79D7CE5F6CF1F5AD037,RNA
SRR12672931,2021-09-28 14:32:58,2020-09-18 19:10:21,67730,34000460,67730,502,21,,https://sra-downloadb.be-md.ncbi.nlm.nih.gov/sos8/sra-pub-zq-820/SRR012/12672/SRR12672931/SRR12672931.lite.1,SRX9153037,ULc061,AMPLICON,PCR,METATRANSCRIPTOMIC,PAIRED,0,0,ILLUMINA,Illumina MiSeq,SRP283915,PRJNA664410,3,664410,SRS7393012,SAMN16213766,simple,449393,freshwater metagenome,ULc061,,,,,,,no,,,,,INDIANA UNIVERSITY,SRA1128180,,public,590D92975630D2F8456655BE8A9B8FE9,7237294086957DFD91B623801BC1D8D8,RNA
SRR12672930,2021-09-28 14:32:58,2020-09-18 19:10:25,160461,80551422,160461,502,51,,https://sra-downloadb.be-md.ncbi.nlm.nih.gov/sos4/sra-pub-zq-1/SRR012/12672/SRR12672930/SRR12672930.lite.1,SRX9153038,ULc062,AMPLICON,PCR,METATRANSCRIPTOMIC,PAIRED,0,0,ILLUMINA,Illumina MiSeq,SRP283915,PRJNA664410,3,664410,SRS7393013,SAMN16213767,simple,449393,freshwater metagenome,ULc062,,,,,,,no,,,,,INDIANA UNIVERSITY,SRA1128180,,public,C117A6577CB1FB51E3B2F8E19BD5CBF0,C8AA968C66A15ABCEFA8CCA54D0BDA72,RNA
SRR12672929,2021-09-28 14:32:58,2020-09-18 19:10:18,49967,25083434,49967,502,15,,https://sra-downloadb.be-md.ncbi.nlm.nih.gov/sos8/sra-pub-zq-820/SRR012/12672/SRR12672929/SRR12672929.lite.1,SRX9153039,ULc063,AMPLICON,PCR,METATRANSCRIPTOMIC,PAIRED,0,0,ILLUMINA,Illumina MiSeq,SRP283915,PRJNA664410,3,664410,SRS7393014,SAMN16213768,simple,449393,freshwater metagenome,ULc063,,,,,,,no,,,,,INDIANA UNIVERSITY,SRA1128180,,public,7E5B6767BFF52DB09F9E540D470BBDC0,4EDA1AFC2AEC625A6910AA821B369560,RNA
SRR12672928,2021-09-28 14:32:58,2020-09-18 19:10:16,29995,15057490,29995,502,9,,https://sra-downloadb.be-md.ncbi.nlm.nih.gov/sos4/sra-pub-zq-1/SRR012/12672/SRR12672928/SRR12672928.lite.1,SRX9153040,ULc064,AMPLICON,PCR,METATRANSCRIPTOMIC,PAIRED,0,0,ILLUMINA,Illumina MiSeq,SRP283915,PRJNA664410,3,664410,SRS7393015,SAMN16213769,simple,449393,freshwater metagenome,ULc064,,,,,,,no,,,,,INDIANA UNIVERSITY,SRA1128180,,public,22E95B9C3AB6DCF0F22465C5A1D0BD74,23D62FFBC16ADEB707E9B9856F9003DC,RNA
SRR12672927,2021-09-28 14:32:58,2020-09-18 19:10:29,142575,71572650,142575,502,45,,https://sra-downloadb.be-md.ncbi.nlm.nih.gov/sos9/sra-pub-zq-924/SRR012/12672/SRR12672927/SRR12672927.lite.1,SRX9153041,ULc065,AMPLICON,PCR,METATRANSCRIPTOMIC,PAIRED,0,0,ILLUMINA,Illumina MiSeq,SRP283915,PRJNA664410,3,664410,SRS7393016,SAMN16213770,simple,449393,freshwater metagenome,ULc065,,,,,,,no,,,,,INDIANA UNIVERSITY,SRA1128180,,public,0A8749CF86FC3D389D47B8A13D2F3C67,CA61309BC527D95DB7E95C0C7D7E301C,RNA
SRR12672926,2021-09-28 14:32:58,2020-09-18 19:10:07,17179,8623858,17179,502,5,,https://sra-downloadb.be-md.ncbi.nlm.nih.gov/sos9/sra-pub-zq-924/SRR012/12672/SRR12672926/SRR12672926.lite.1,SRX9153042,ULc066,AMPLICON,PCR,METATRANSCRIPTOMIC,PAIRED,0,0,ILLUMINA,Illumina MiSeq,SRP283915,PRJNA664410,3,664410,SRS7393017,SAMN16213771,simple,449393,freshwater metagenome,ULc066,,,,,,,no,,,,,INDIANA UNIVERSITY,SRA1128180,,public,DACA0D34534273CF435650AABA28CE7B,B7F6CA1DB1AF9AFF7107D39E9EDEB419,RNA
SRR12672925,2021-09-28 14:32:58,2020-09-18 19:10:18,54937,27578374,54937,502,17,,https://sra-downloadb.be-md.ncbi.nlm.nih.gov/sos8/sra-pub-zq-820/SRR012/12672/SRR12672925/SRR12672925.lite.1,SRX9153043,ULc067,AMPLICON,PCR,METATRANSCRIPTOMIC,PAIRED,0,0,ILLUMINA,Illumina MiSeq,SRP283915,PRJNA664410,3,664410,SRS7393018,SAMN16213772,simple,449393,freshwater metagenome,ULc067,,,,,,,no,,,,,INDIANA UNIVERSITY,SRA1128180,,public,1EE4C7C20F7F19A07EE19F8A9BDE17DB,FB220D5D7EDCA1460616B1FE29BD19D8,RNA
SRR12672923,2021-09-28 14:32:58,2020-09-18 19:10:22,86760,43553520,86760,502,28,,https://sra-downloadb.be-md.ncbi.nlm.nih.gov/sos8/sra-pub-zq-818/SRR012/12672/SRR12672923/SRR12672923.lite.1,SRX9153045,ULD020,AMPLICON,PCR,METAGENOMIC,PAIRED,0,0,ILLUMINA,Illumina MiSeq,SRP283915,PRJNA664410,3,664410,SRS7393020,SAMN16213603,simple,449393,freshwater metagenome,ULD020,,,,,,,no,,,,,INDIANA UNIVERSITY,SRA1128180,,public,C524AB14235B3D6CB582F5676C1E9736,8EC896D78C45B24817FEC9BA87B6DC42,DNA
SRR12672924,2021-09-28 14:32:58,2020-09-18 19:10:19,115199,57829898,115199,502,35,,https://sra-downloadb.be-md.ncbi.nlm.nih.gov/sos9/sra-pub-zq-924/SRR012/12672/SRR12672924/SRR12672924.lite.1,SRX9153044,ULc068,AMPLICON,PCR,METATRANSCRIPTOMIC,PAIRED,0,0,ILLUMINA,Illumina MiSeq,SRP283915,PRJNA664410,3,664410,SRS7393019,SAMN16213773,simple,449393,freshwater metagenome,ULc068,,,,,,,no,,,,,INDIANA UNIVERSITY,SRA1128180,,public,DCE5101FB32272CA78BE722183EE26D8,E68CF7BF352F508D69F624EF9368544E,RNA
SRR12672922,2021-09-28 14:32:58,2020-09-18 19:10:17,43582,21878164,43582,502,13,,https://sra-downloadb.be-md.ncbi.nlm.nih.gov/sos9/sra-pub-zq-924/SRR012/12672/SRR12672922/SRR12672922.lite.1,SRX9153046,ULc069,AMPLICON,PCR,METATRANSCRIPTOMIC,PAIRED,0,0,ILLUMINA,Illumina MiSeq,SRP283915,PRJNA664410,3,664410,SRS7393022,SAMN16213774,simple,449393,freshwater metagenome,ULc069,,,,,,,no,,,,,INDIANA UNIVERSITY,SRA1128180,,public,85BD5391A89F984F1615975873E28908,36D7E29232CE8D08AD5CE220F9EC339D,RNA
SRR12672921,2021-09-28 14:32:59,2020-09-18 19:10:27,183472,92102944,183472,502,55,,https://sra-downloadb.be-md.ncbi.nlm.nih.gov/sos9/sra-pub-zq-924/SRR012/12672/SRR12672921/SRR12672921.lite.1,SRX9153047,ULc070,AMPLICON,PCR,METATRANSCRIPTOMIC,PAIRED,0,0,ILLUMINA,Illumina MiSeq,SRP283915,PRJNA664410,3,664410,SRS7393021,SAMN16213775,simple,449393,freshwater metagenome,ULc070,,,,,,,no,,,,,INDIANA UNIVERSITY,SRA1128180,,public,78D0C7EE7C909D1934FA42B87C0CE9E7,6383B1E5F620B561B586854AAB4CFC74,RNA
SRR12672920,2021-09-28 14:32:59,2020-09-18 19:10:16,111269,55857038,111269,502,35,,https://sra-downloadb.be-md.ncbi.nlm.nih.gov/sos8/sra-pub-zq-818/SRR012/12672/SRR12672920/SRR12672920.lite.1,SRX9153048,ULc071,AMPLICON,PCR,METATRANSCRIPTOMIC,PAIRED,0,0,ILLUMINA,Illumina MiSeq,SRP283915,PRJNA664410,3,664410,SRS7393023,SAMN16213776,simple,449393,freshwater metagenome,ULc071,,,,,,,no,,,,,INDIANA UNIVERSITY,SRA1128180,,public,E8C1FC493491335317CFDCD8E3464B96,288E4A3D3F0EB813670EC8A67229CBE1,RNA
SRR12672919,2021-09-28 14:32:59,2020-09-18 19:10:40,382218,191873436,382218,502,114,,https://sra-downloadb.be-md.ncbi.nlm.nih.gov/sos8/sra-pub-zq-820/SRR012/12672/SRR12672919/SRR12672919.lite.1,SRX9153049,ULc072,AMPLICON,PCR,METATRANSCRIPTOMIC,PAIRED,0,0,ILLUMINA,Illumina MiSeq,SRP283915,PRJNA664410,3,664410,SRS7393024,SAMN16213777,simple,449393,freshwater metagenome,ULc072,,,,,,,no,,,,,INDIANA UNIVERSITY,SRA1128180,,public,B0563CEAF86FA6CDA1B6AD81D97B3025,9C97E3D241946573F196E2AF6F140D8A,RNA
SRR12672918,2021-09-28 14:32:59,2020-09-18 19:10:39,289837,145498174,289837,502,83,,https://sra-downloadb.be-md.ncbi.nlm.nih.gov/sos4/sra-pub-zq-1/SRR012/12672/SRR12672918/SRR12672918.lite.1,SRX9153050,ULc073,AMPLICON,PCR,METATRANSCRIPTOMIC,PAIRED,0,0,ILLUMINA,Illumina MiSeq,SRP283915,PRJNA664410,3,664410,SRS7393025,SAMN16213778,simple,449393,freshwater metagenome,ULc073,,,,,,,no,,,,,INDIANA UNIVERSITY,SRA1128180,,public,33397C2F3D392436A206F789274F4745,6E26A7B90E1B0C1E954EB41174235D86,RNA
SRR12672917,2021-09-28 14:32:59,2020-09-18 19:10:33,214294,107575588,214294,502,66,,https://sra-downloadb.be-md.ncbi.nlm.nih.gov/sos1/sra-pub-zq-38/SRR012/12672/SRR12672917/SRR12672917.lite.1,SRX9153051,ULc074,AMPLICON,PCR,METATRANSCRIPTOMIC,PAIRED,0,0,ILLUMINA,Illumina MiSeq,SRP283915,PRJNA664410,3,664410,SRS7393026,SAMN16213779,simple,449393,freshwater metagenome,ULc074,,,,,,,no,,,,,INDIANA UNIVERSITY,SRA1128180,,public,E34FD8ACC12B7E439327CD06D2F650B8,A3075F77ED45C227363C27B2F8AEE0A7,RNA
SRR12672916,2021-09-28 14:32:59,2020-09-18 19:11:15,871751,437619002,871751,502,267,,https://sra-downloadb.be-md.ncbi.nlm.nih.gov/sos4/sra-pub-zq-1/SRR012/12672/SRR12672916/SRR12672916.lite.1,SRX9153052,ULc075,AMPLICON,PCR,METATRANSCRIPTOMIC,PAIRED,0,0,ILLUMINA,Illumina MiSeq,SRP283915,PRJNA664410,3,664410,SRS7393027,SAMN16213780,simple,449393,freshwater metagenome,ULc075,,,,,,,no,,,,,INDIANA UNIVERSITY,SRA1128180,,public,6020E548F987104112690DA1010CB66D,95003C5E42883811223A26445BD61D3D,RNA
SRR12672915,2021-09-28 14:32:59,2020-09-18 19:10:19,78368,39340736,78368,502,23,,https://sra-downloadb.be-md.ncbi.nlm.nih.gov/sos4/sra-pub-zq-1/SRR012/12672/SRR12672915/SRR12672915.lite.1,SRX9153053,ULc076,AMPLICON,PCR,METATRANSCRIPTOMIC,PAIRED,0,0,ILLUMINA,Illumina MiSeq,SRP283915,PRJNA664410,3,664410,SRS7393028,SAMN16213781,simple,449393,freshwater metagenome,ULc076,,,,,,,no,,,,,INDIANA UNIVERSITY,SRA1128180,,public,3CC3B3581813EDE2181428546814A399,9C23A27C3198DC8A98F0679AB8BD8D13,RNA
SRR12672912,2021-09-28 14:32:59,2020-09-18 19:10:17,195608,98195216,195608,502,64,,https://sra-downloadb.be-md.ncbi.nlm.nih.gov/sos9/sra-pub-zq-924/SRR012/12672/SRR12672912/SRR12672912.lite.1,SRX9153056,ULD003,AMPLICON,PCR,METAGENOMIC,PAIRED,0,0,ILLUMINA,Illumina MiSeq,SRP283915,PRJNA664410,3,664410,SRS7393031,SAMN16213586,simple,449393,freshwater metagenome,ULD003,,,,,,,no,,,,,INDIANA UNIVERSITY,SRA1128180,,public,B159D3537E7584DAA04EB4F789E1DE2D,5EC3F1C624D06EC8CD2184AF78EA4471,DNA
SRR12672911,2021-09-28 14:32:59,2020-09-18 19:10:24,145941,73262382,145941,502,48,,https://sra-downloadb.be-md.ncbi.nlm.nih.gov/sos9/sra-pub-zq-922/SRR012/12672/SRR12672911/SRR12672911.lite.1,SRX9153057,ULD021,AMPLICON,PCR,METAGENOMIC,PAIRED,0,0,ILLUMINA,Illumina MiSeq,SRP283915,PRJNA664410,3,664410,SRS7393032,SAMN16213604,simple,449393,freshwater metagenome,ULD021,,,,,,,no,,,,,INDIANA UNIVERSITY,SRA1128180,,public,EFA00052C0E95D443606897BCB5407A2,AE2E0AF503A800B18615222745B1119E,DNA
SRR12672914,2021-09-28 14:32:59,2020-09-18 19:10:23,104521,52469542,104521,502,32,,https://sra-downloadb.be-md.ncbi.nlm.nih.gov/sos8/sra-pub-zq-820/SRR012/12672/SRR12672914/SRR12672914.lite.1,SRX9153054,ULc077,AMPLICON,PCR,METATRANSCRIPTOMIC,PAIRED,0,0,ILLUMINA,Illumina MiSeq,SRP283915,PRJNA664410,3,664410,SRS7393029,SAMN16213782,simple,449393,freshwater metagenome,ULc077,,,,,,,no,,,,,INDIANA UNIVERSITY,SRA1128180,,public,7A7775534CBF85CB9833F1DDAA93BEAF,3507E1B7B6AEB01B58B79740341E6072,RNA
SRR12672913,2021-09-28 14:32:59,2020-09-18 19:10:23,104618,52518236,104618,502,31,,https://sra-downloadb.be-md.ncbi.nlm.nih.gov/sos1/sra-pub-zq-38/SRR012/12672/SRR12672913/SRR12672913.lite.1,SRX9153055,ULc078,AMPLICON,PCR,METATRANSCRIPTOMIC,PAIRED,0,0,ILLUMINA,Illumina MiSeq,SRP283915,PRJNA664410,3,664410,SRS7393030,SAMN16213783,simple,449393,freshwater metagenome,ULc078,,,,,,,no,,,,,INDIANA UNIVERSITY,SRA1128180,,public,876765D1D7DCE2F67AB50E2A5E7E098A,3DA71A8BB998E479D47364BEFF0DD89E,RNA
SRR12672910,2021-09-28 14:32:59,2020-09-18 19:10:52,128711,64612922,128711,502,38,,https://sra-downloadb.be-md.ncbi.nlm.nih.gov/sos1/sra-pub-zq-38/SRR012/12672/SRR12672910/SRR12672910.lite.1,SRX9153058,ULc079,AMPLICON,PCR,METATRANSCRIPTOMIC,PAIRED,0,0,ILLUMINA,Illumina MiSeq,SRP283915,PRJNA664410,3,664410,SRS7393033,SAMN16213784,simple,449393,freshwater metagenome,ULc079,,,,,,,no,,,,,INDIANA UNIVERSITY,SRA1128180,,public,7636493E9477DCDDFDCE69B156E9D020,E902DC975D14C254A690DAF0E6B0CD82,RNA
SRR12672909,2021-09-28 14:32:59,2020-09-18 19:11:12,319623,160450746,319623,502,100,,https://sra-downloadb.be-md.ncbi.nlm.nih.gov/sos4/sra-pub-zq-1/SRR012/12672/SRR12672909/SRR12672909.lite.1,SRX9153059,ULc080,AMPLICON,PCR,METATRANSCRIPTOMIC,PAIRED,0,0,ILLUMINA,Illumina MiSeq,SRP283915,PRJNA664410,3,664410,SRS7393034,SAMN16213785,simple,449393,freshwater metagenome,ULc080,,,,,,,no,,,,,INDIANA UNIVERSITY,SRA1128180,,public,DB9981477ADF3ABF41FC1167E6E461F1,C622BD7960440040F949D288568AFBD0,RNA
SRR12672908,2021-09-28 14:32:59,2020-09-18 19:10:27,218341,109607182,218341,502,66,,https://sra-downloadb.be-md.ncbi.nlm.nih.gov/sos8/sra-pub-zq-820/SRR012/12672/SRR12672908/SRR12672908.lite.1,SRX9153060,ULc081,AMPLICON,PCR,METATRANSCRIPTOMIC,PAIRED,0,0,ILLUMINA,Illumina MiSeq,SRP283915,PRJNA664410,3,664410,SRS7393035,SAMN16213786,simple,449393,freshwater metagenome,ULc081,,,,,,,no,,,,,INDIANA UNIVERSITY,SRA1128180,,public,D85B8C50EA1B35E3D60D53F2244221E3,A8E7B9608221C4CFA56B6E14F82BF61F,RNA
SRR12672907,2021-09-28 14:32:59,2020-09-18 19:10:14,48051,24121602,48051,502,14,,https://sra-downloadb.be-md.ncbi.nlm.nih.gov/sos9/sra-pub-zq-924/SRR012/12672/SRR12672907/SRR12672907.lite.1,SRX9153061,ULc082,AMPLICON,PCR,METATRANSCRIPTOMIC,PAIRED,0,0,ILLUMINA,Illumina MiSeq,SRP283915,PRJNA664410,3,664410,SRS7393036,SAMN16213787,simple,449393,freshwater metagenome,ULc082,,,,,,,no,,,,,INDIANA UNIVERSITY,SRA1128180,,public,F3986189A2869A39BD3B0D1A658941A2,D614E87C910E9EEBD3CA25B5BCD11C84,RNA
SRR12672906,2021-09-28 14:32:59,2020-09-18 19:10:31,241178,121071356,241178,502,72,,https://sra-downloadb.be-md.ncbi.nlm.nih.gov/sos8/sra-pub-zq-818/SRR012/12672/SRR12672906/SRR12672906.lite.1,SRX9153062,ULc083,AMPLICON,PCR,METATRANSCRIPTOMIC,PAIRED,0,0,ILLUMINA,Illumina MiSeq,SRP283915,PRJNA664410,3,664410,SRS7393037,SAMN16213788,simple,449393,freshwater metagenome,ULc083,,,,,,,no,,,,,INDIANA UNIVERSITY,SRA1128180,,public,CD957398F113A13B088718E0B6512A82,2E372091459D3307E380AAEF70B86083,RNA
SRR12672905,2021-09-28 14:32:59,2020-09-18 19:10:11,48201,24196902,48201,502,14,,https://sra-downloadb.be-md.ncbi.nlm.nih.gov/sos8/sra-pub-zq-820/SRR012/12672/SRR12672905/SRR12672905.lite.1,SRX9153063,ULc084,AMPLICON,PCR,METATRANSCRIPTOMIC,PAIRED,0,0,ILLUMINA,Illumina MiSeq,SRP283915,PRJNA664410,3,664410,SRS7393038,SAMN16213789,simple,449393,freshwater metagenome,ULc084,,,,,,,no,,,,,INDIANA UNIVERSITY,SRA1128180,,public,06CFD000688A00492F3AE70567B49F32,A81EAC28814994B43BF7DCC383E3246D,RNA
SRR12672900,2021-09-28 14:32:59,2020-09-18 19:10:48,287386,144267772,287386,502,95,,https://sra-downloadb.be-md.ncbi.nlm.nih.gov/sos9/sra-pub-zq-924/SRR012/12672/SRR12672900/SRR12672900.lite.1,SRX9153068,ULD022,AMPLICON,PCR,METAGENOMIC,PAIRED,0,0,ILLUMINA,Illumina MiSeq,SRP283915,PRJNA664410,3,664410,SRS7393043,SAMN16213605,simple,449393,freshwater metagenome,ULD022,,,,,,,no,,,,,INDIANA UNIVERSITY,SRA1128180,,public,D57A63E692B80BF0226674F5D32EB02C,183508FCD6479C881C0CE01AC4A21235,DNA
SRR12672904,2021-09-28 14:32:59,2020-09-18 19:10:28,179677,90197854,179677,502,54,,https://sra-downloadb.be-md.ncbi.nlm.nih.gov/sos4/sra-pub-zq-1/SRR012/12672/SRR12672904/SRR12672904.lite.1,SRX9153064,ULc085,AMPLICON,PCR,METATRANSCRIPTOMIC,PAIRED,0,0,ILLUMINA,Illumina MiSeq,SRP283915,PRJNA664410,3,664410,SRS7393039,SAMN16213790,simple,449393,freshwater metagenome,ULc085,,,,,,,no,,,,,INDIANA UNIVERSITY,SRA1128180,,public,898BC37CE9E18D5D1072C56BD594D018,1E10589567F43E601B465B0EEC77035D,RNA
SRR12672903,2021-09-28 14:32:59,2020-09-18 19:10:19,95554,47968108,95554,502,29,,https://sra-downloadb.be-md.ncbi.nlm.nih.gov/sos8/sra-pub-zq-820/SRR012/12672/SRR12672903/SRR12672903.lite.1,SRX9153065,ULc086,AMPLICON,PCR,METATRANSCRIPTOMIC,PAIRED,0,0,ILLUMINA,Illumina MiSeq,SRP283915,PRJNA664410,3,664410,SRS7393040,SAMN16213791,simple,449393,freshwater metagenome,ULc086,,,,,,,no,,,,,INDIANA UNIVERSITY,SRA1128180,,public,D0245B05DF28B35171310FA4CB94623B,040D777824CA1E7432B013C9680AB9F1,RNA
SRR12672902,2021-09-28 14:32:59,2020-09-18 19:10:16,78512,39413024,78512,502,24,,https://sra-downloadb.be-md.ncbi.nlm.nih.gov/sos4/sra-pub-zq-1/SRR012/12672/SRR12672902/SRR12672902.lite.1,SRX9153066,ULc087,AMPLICON,PCR,METATRANSCRIPTOMIC,PAIRED,0,0,ILLUMINA,Illumina MiSeq,SRP283915,PRJNA664410,3,664410,SRS7393041,SAMN16213792,simple,449393,freshwater metagenome,ULc087,,,,,,,no,,,,,INDIANA UNIVERSITY,SRA1128180,,public,0C32F3267E7DB1014556E76646823443,DD9326FBF43F4714993BD1741AB1C04B,RNA
SRR12672901,2021-09-28 14:32:59,2020-09-18 19:10:13,55667,27944834,55667,502,17,,https://sra-downloadb.be-md.ncbi.nlm.nih.gov/sos9/sra-pub-zq-922/SRR012/12672/SRR12672901/SRR12672901.lite.1,SRX9153067,ULc088,AMPLICON,PCR,METATRANSCRIPTOMIC,PAIRED,0,0,ILLUMINA,Illumina MiSeq,SRP283915,PRJNA664410,3,664410,SRS7393042,SAMN16213793,simple,449393,freshwater metagenome,ULc088,,,,,,,no,,,,,INDIANA UNIVERSITY,SRA1128180,,public,4DB6ABFF5B00D3F7D38570DC48F69104,08D5A4DB5D9E407A218F88EEDC430279,RNA
SRR12672899,2021-09-28 14:32:59,2020-09-18 19:10:17,55482,27851964,55482,502,17,,https://sra-downloadb.be-md.ncbi.nlm.nih.gov/sos9/sra-pub-zq-924/SRR012/12672/SRR12672899/SRR12672899.lite.1,SRX9153069,ULc089,AMPLICON,PCR,METATRANSCRIPTOMIC,PAIRED,0,0,ILLUMINA,Illumina MiSeq,SRP283915,PRJNA664410,3,664410,SRS7393044,SAMN16213794,simple,449393,freshwater metagenome,ULc089,,,,,,,no,,,,,INDIANA UNIVERSITY,SRA1128180,,public,ACFA85A915F377C014C27166CA6C2753,6D32A114EC410EBCB1FC6E437D93DE77,RNA
SRR12672898,2021-09-28 14:32:59,2020-09-18 19:10:17,31815,15971130,31815,502,9,,https://sra-downloadb.be-md.ncbi.nlm.nih.gov/sos1/sra-pub-zq-38/SRR012/12672/SRR12672898/SRR12672898.lite.1,SRX9153070,ULc090,AMPLICON,PCR,METATRANSCRIPTOMIC,PAIRED,0,0,ILLUMINA,Illumina MiSeq,SRP283915,PRJNA664410,3,664410,SRS7393045,SAMN16213795,simple,449393,freshwater metagenome,ULc090,,,,,,,no,,,,,INDIANA UNIVERSITY,SRA1128180,,public,0473236BA5009BC98FDE8DBEBADE4186,6746A739482326C08715ED0F18FF1597,RNA
SRR12672897,2021-09-28 14:32:59,2020-09-18 19:10:14,34999,17569498,34999,502,10,,https://sra-downloadb.be-md.ncbi.nlm.nih.gov/sos9/sra-pub-zq-924/SRR012/12672/SRR12672897/SRR12672897.lite.1,SRX9153071,ULc091,AMPLICON,PCR,METATRANSCRIPTOMIC,PAIRED,0,0,ILLUMINA,Illumina MiSeq,SRP283915,PRJNA664410,3,664410,SRS7393046,SAMN16213796,simple,449393,freshwater metagenome,ULc091,,,,,,,no,,,,,INDIANA UNIVERSITY,SRA1128180,,public,ADCEC338ADBA1E47259B63E3B5598692,D75E782F21B6264917E3AA20E7CF765A,RNA
SRR12672896,2021-09-28 14:32:59,2020-09-18 19:10:17,94553,47465606,94553,502,29,,https://sra-downloadb.be-md.ncbi.nlm.nih.gov/sos8/sra-pub-zq-820/SRR012/12672/SRR12672896/SRR12672896.lite.1,SRX9153072,ULc092,AMPLICON,PCR,METATRANSCRIPTOMIC,PAIRED,0,0,ILLUMINA,Illumina MiSeq,SRP283915,PRJNA664410,3,664410,SRS7393047,SAMN16213797,simple,449393,freshwater metagenome,ULc092,,,,,,,no,,,,,INDIANA UNIVERSITY,SRA1128180,,public,D9587553A37D652531C054ECDCFDA9AB,2F982651D2E16E44DB39257E05F5090C,RNA
SRR12672895,2021-09-28 14:33:00,2020-09-18 19:10:16,63934,32094868,63934,502,20,,https://sra-downloadb.be-md.ncbi.nlm.nih.gov/sos9/sra-pub-zq-924/SRR012/12672/SRR12672895/SRR12672895.lite.1,SRX9153073,ULc093,AMPLICON,PCR,METATRANSCRIPTOMIC,PAIRED,0,0,ILLUMINA,Illumina MiSeq,SRP283915,PRJNA664410,3,664410,SRS7393048,SAMN16213798,simple,449393,freshwater metagenome,ULc093,,,,,,,no,,,,,INDIANA UNIVERSITY,SRA1128180,,public,2D819A49B5DBA2AFA20B0E8859168263,26A382173553D8E7E2FEE43AEFC83011,RNA
SRR12672894,2021-09-28 14:33:00,2020-09-18 19:10:16,52785,26498070,52785,502,17,,https://sra-downloadb.be-md.ncbi.nlm.nih.gov/sos1/sra-pub-zq-38/SRR012/12672/SRR12672894/SRR12672894.lite.1,SRX9153074,ULc094,AMPLICON,PCR,METATRANSCRIPTOMIC,PAIRED,0,0,ILLUMINA,Illumina MiSeq,SRP283915,PRJNA664410,3,664410,SRS7393049,SAMN16213799,simple,449393,freshwater metagenome,ULc094,,,,,,,no,,,,,INDIANA UNIVERSITY,SRA1128180,,public,998DEE3F23A574C29D58B16D2A666CE3,ADD6A0BCD24AC9A6A5D5A165F4633E86,RNA
SRR12672893,2021-09-28 14:33:00,2020-09-18 19:10:14,59917,30078334,59917,502,19,,https://sra-downloadb.be-md.ncbi.nlm.nih.gov/sos1/sra-pub-zq-38/SRR012/12672/SRR12672893/SRR12672893.lite.1,SRX9153075,ULc095,AMPLICON,PCR,METATRANSCRIPTOMIC,PAIRED,0,0,ILLUMINA,Illumina MiSeq,SRP283915,PRJNA664410,3,664410,SRS7393050,SAMN16213800,simple,449393,freshwater metagenome,ULc095,,,,,,,no,,,,,INDIANA UNIVERSITY,SRA1128180,,public,4D7A92E02447A98A5630C8C3427AFC0D,DFC4C0D8BACE5B338A38DFC1696B0D0E,RNA
SRR12672892,2021-09-28 14:33:00,2020-09-18 19:10:14,68433,34353366,68433,502,21,,https://sra-downloadb.be-md.ncbi.nlm.nih.gov/sos4/sra-pub-zq-1/SRR012/12672/SRR12672892/SRR12672892.lite.1,SRX9153076,ULc096,AMPLICON,PCR,METATRANSCRIPTOMIC,PAIRED,0,0,ILLUMINA,Illumina MiSeq,SRP283915,PRJNA664410,3,664410,SRS7393051,SAMN16213801,simple,449393,freshwater metagenome,ULc096,,,,,,,no,,,,,INDIANA UNIVERSITY,SRA1128180,,public,09C241AA2D0B284966A51826EF802CE4,0FD5CC0FA91098E76E6A922B3623A791,RNA
SRR12672891,2021-09-28 14:33:00,2020-09-18 19:10:30,265544,133303088,265544,502,87,,https://sra-downloadb.be-md.ncbi.nlm.nih.gov/sos9/sra-pub-zq-922/SRR012/12672/SRR12672891/SRR12672891.lite.1,SRX9153077,ULc097,AMPLICON,PCR,METATRANSCRIPTOMIC,PAIRED,0,0,ILLUMINA,Illumina MiSeq,SRP283915,PRJNA664410,3,664410,SRS7393052,SAMN16213802,simple,449393,freshwater metagenome,ULc097,,,,,,,no,,,,,INDIANA UNIVERSITY,SRA1128180,,public,1461CA4EB672A296EACD330924021805,7EB5EA187001DABE4ADB31F262A702FF,RNA
SRR12672890,2021-09-28 14:33:00,2020-09-18 19:10:25,175112,87906224,175112,502,57,,https://sra-downloadb.be-md.ncbi.nlm.nih.gov/sos9/sra-pub-zq-924/SRR012/12672/SRR12672890/SRR12672890.lite.1,SRX9153078,ULc098,AMPLICON,PCR,METATRANSCRIPTOMIC,PAIRED,0,0,ILLUMINA,Illumina MiSeq,SRP283915,PRJNA664410,3,664410,SRS7393053,SAMN16213803,simple,449393,freshwater metagenome,ULc098,,,,,,,no,,,,,INDIANA UNIVERSITY,SRA1128180,,public,06CDC491C53FDB1340AC1FFBF80D1F32,49617CD40CF848AC46EB20EF49A68EB2,RNA
SRR12672889,2021-09-28 14:33:00,2020-09-18 19:10:13,38918,19536836,38918,502,12,,https://sra-downloadb.be-md.ncbi.nlm.nih.gov/sos9/sra-pub-zq-924/SRR012/12672/SRR12672889/SRR12672889.lite.1,SRX9153079,ULD023,AMPLICON,PCR,METAGENOMIC,PAIRED,0,0,ILLUMINA,Illumina MiSeq,SRP283915,PRJNA664410,3,664410,SRS7393054,SAMN16213606,simple,449393,freshwater metagenome,ULD023,,,,,,,no,,,,,INDIANA UNIVERSITY,SRA1128180,,public,D300C334C101BC35762DAD96B6C670A7,B1E885A342C7D0566BC5B8006883C6EF,DNA
SRR12672888,2021-09-28 14:33:00,2020-09-18 19:10:25,165041,82850582,165041,502,55,,https://sra-downloadb.be-md.ncbi.nlm.nih.gov/sos9/sra-pub-zq-924/SRR012/12672/SRR12672888/SRR12672888.lite.1,SRX9153080,ULc099,AMPLICON,PCR,METATRANSCRIPTOMIC,PAIRED,0,0,ILLUMINA,Illumina MiSeq,SRP283915,PRJNA664410,3,664410,SRS7393055,SAMN16213804,simple,449393,freshwater metagenome,ULc099,,,,,,,no,,,,,INDIANA UNIVERSITY,SRA1128180,,public,1AF80DB1B44C50476A41962B180F084E,9888E2A36C408072B84283C926BB1DB3,RNA
SRR12672887,2021-09-28 14:33:00,2020-09-18 19:10:25,217446,109157892,217446,502,73,,https://sra-downloadb.be-md.ncbi.nlm.nih.gov/sos1/sra-pub-zq-38/SRR012/12672/SRR12672887/SRR12672887.lite.1,SRX9153081,ULc100,AMPLICON,PCR,METATRANSCRIPTOMIC,PAIRED,0,0,ILLUMINA,Illumina MiSeq,SRP283915,PRJNA664410,3,664410,SRS7393056,SAMN16213805,simple,449393,freshwater metagenome,ULc100,,,,,,,no,,,,,INDIANA UNIVERSITY,SRA1128180,,public,48114DB85C5CCF1AD8049A20B44663A7,5297DBE92676F9E2EDB5BD0372A6D4FA,RNA
SRR12672886,2021-09-28 14:33:00,2020-09-18 19:10:24,168042,84357084,168042,502,57,,https://sra-downloadb.be-md.ncbi.nlm.nih.gov/sos8/sra-pub-zq-820/SRR012/12672/SRR12672886/SRR12672886.lite.1,SRX9153082,ULc101,AMPLICON,PCR,METATRANSCRIPTOMIC,PAIRED,0,0,ILLUMINA,Illumina MiSeq,SRP283915,PRJNA664410,3,664410,SRS7393057,SAMN16213806,simple,449393,freshwater metagenome,ULc101,,,,,,,no,,,,,INDIANA UNIVERSITY,SRA1128180,,public,1402EE02C332E5D671C977FD13A7BB47,6673247A703956E665F90E5A3205158E,RNA
SRR12672885,2021-09-28 14:33:00,2020-09-18 19:10:23,190506,95634012,190506,502,64,,https://sra-downloadb.be-md.ncbi.nlm.nih.gov/sos4/sra-pub-zq-1/SRR012/12672/SRR12672885/SRR12672885.lite.1,SRX9153083,ULc102,AMPLICON,PCR,METATRANSCRIPTOMIC,PAIRED,0,0,ILLUMINA,Illumina MiSeq,SRP283915,PRJNA664410,3,664410,SRS7393058,SAMN16213807,simple,449393,freshwater metagenome,ULc102,,,,,,,no,,,,,INDIANA UNIVERSITY,SRA1128180,,public,A2F434D9D42AF3C376D6567C0B173DE3,0624FFBF4C6F042F4BB504CED79E593A,RNA
SRR12672884,2021-09-28 14:33:00,2020-09-18 19:10:25,200244,100522488,200244,502,67,,https://sra-downloadb.be-md.ncbi.nlm.nih.gov/sos1/sra-pub-zq-38/SRR012/12672/SRR12672884/SRR12672884.lite.1,SRX9153084,ULc103,AMPLICON,PCR,METATRANSCRIPTOMIC,PAIRED,0,0,ILLUMINA,Illumina MiSeq,SRP283915,PRJNA664410,3,664410,SRS7393059,SAMN16213808,simple,449393,freshwater metagenome,ULc103,,,,,,,no,,,,,INDIANA UNIVERSITY,SRA1128180,,public,BAB3F9EA787CD6B43E34C08243BF136B,B0268485770F36EE1D34F1BB0FD7D93F,RNA
SRR12672883,2021-09-28 14:33:00,2020-09-18 19:10:28,240441,120701382,240441,502,80,,https://sra-downloadb.be-md.ncbi.nlm.nih.gov/sos8/sra-pub-zq-820/SRR012/12672/SRR12672883/SRR12672883.lite.1,SRX9153085,ULc104,AMPLICON,PCR,METATRANSCRIPTOMIC,PAIRED,0,0,ILLUMINA,Illumina MiSeq,SRP283915,PRJNA664410,3,664410,SRS7393060,SAMN16213809,simple,449393,freshwater metagenome,ULc104,,,,,,,no,,,,,INDIANA UNIVERSITY,SRA1128180,,public,F796CD220A800E1DA33EFD7A32EB6001,82B196B291EB9E1CC193BCA805837E1B,RNA
SRR12672882,2021-09-28 14:33:00,2020-09-18 19:10:22,173677,87185854,173677,502,59,,https://sra-downloadb.be-md.ncbi.nlm.nih.gov/sos9/sra-pub-zq-924/SRR012/12672/SRR12672882/SRR12672882.lite.1,SRX9153086,ULc105,AMPLICON,PCR,METATRANSCRIPTOMIC,PAIRED,0,0,ILLUMINA,Illumina MiSeq,SRP283915,PRJNA664410,3,664410,SRS7393061,SAMN16213810,simple,449393,freshwater metagenome,ULc105,,,,,,,no,,,,,INDIANA UNIVERSITY,SRA1128180,,public,8BFFE812D13B6EC6E1C9372CB6AB5B9E,CE9BC0A2307DB073CBF96DE34E7B6564,RNA
SRR12672881,2021-09-28 14:33:00,2020-09-18 19:10:26,201879,101343258,201879,502,68,,https://sra-downloadb.be-md.ncbi.nlm.nih.gov/sos9/sra-pub-zq-922/SRR012/12672/SRR12672881/SRR12672881.lite.1,SRX9153087,ULc106,AMPLICON,PCR,METATRANSCRIPTOMIC,PAIRED,0,0,ILLUMINA,Illumina MiSeq,SRP283915,PRJNA664410,3,664410,SRS7393062,SAMN16213811,simple,449393,freshwater metagenome,ULc106,,,,,,,no,,,,,INDIANA UNIVERSITY,SRA1128180,,public,E6BCF995F454236A5DDDEF1A2789D910,52952DF74463AB67E317724D410E39AB,RNA
SRR12672880,2021-09-28 14:33:00,2020-09-18 19:10:26,237624,119287248,237624,502,81,,https://sra-downloadb.be-md.ncbi.nlm.nih.gov/sos9/sra-pub-zq-924/SRR012/12672/SRR12672880/SRR12672880.lite.1,SRX9153088,ULc107,AMPLICON,PCR,METATRANSCRIPTOMIC,PAIRED,0,0,ILLUMINA,Illumina MiSeq,SRP283915,PRJNA664410,3,664410,SRS7393063,SAMN16213812,simple,449393,freshwater metagenome,ULc107,,,,,,,no,,,,,INDIANA UNIVERSITY,SRA1128180,,public,6BCB5367066916182759B484F2188410,04709A9857E9B01252866C90A5897F67,RNA
SRR12672878,2021-09-28 14:33:01,2020-09-18 19:10:18,121738,61112476,121738,502,39,,https://sra-downloadb.be-md.ncbi.nlm.nih.gov/sos9/sra-pub-zq-924/SRR012/12672/SRR12672878/SRR12672878.lite.1,SRX9153090,ULD024,AMPLICON,PCR,METAGENOMIC,PAIRED,0,0,ILLUMINA,Illumina MiSeq,SRP283915,PRJNA664410,3,664410,SRS7393065,SAMN16213607,simple,449393,freshwater metagenome,ULD024,,,,,,,no,,,,,INDIANA UNIVERSITY,SRA1128180,,public,5B4DA53782E650F9385B7D9811829906,DD411199D927961203B893436A467CDD,DNA
SRR12672879,2021-09-28 14:33:00,2020-09-18 19:10:30,256826,128926652,256826,502,86,,https://sra-downloadb.be-md.ncbi.nlm.nih.gov/sos9/sra-pub-zq-924/SRR012/12672/SRR12672879/SRR12672879.lite.1,SRX9153089,ULc108,AMPLICON,PCR,METATRANSCRIPTOMIC,PAIRED,0,0,ILLUMINA,Illumina MiSeq,SRP283915,PRJNA664410,3,664410,SRS7393064,SAMN16213813,simple,449393,freshwater metagenome,ULc108,,,,,,,no,,,,,INDIANA UNIVERSITY,SRA1128180,,public,3C18D82D03B4B909C6E4691AC93C72DE,EF0501193659DFB744C00D2ED2B98CD5,RNA
SRR12672877,2021-09-28 14:33:01,2020-09-18 19:10:25,210798,105820596,210798,502,71,,https://sra-downloadb.be-md.ncbi.nlm.nih.gov/sos9/sra-pub-zq-924/SRR012/12672/SRR12672877/SRR12672877.lite.1,SRX9153091,ULc109,AMPLICON,PCR,METATRANSCRIPTOMIC,PAIRED,0,0,ILLUMINA,Illumina MiSeq,SRP283915,PRJNA664410,3,664410,SRS7393066,SAMN16213814,simple,449393,freshwater metagenome,ULc109,,,,,,,no,,,,,INDIANA UNIVERSITY,SRA1128180,,public,215154C123F4DA1C52081ADF9939CFFB,E8C5C8DC79A86F6F0A6B44057EC4955A,RNA
SRR12672876,2021-09-28 14:33:01,2020-09-18 19:10:23,230126,115523252,230126,502,77,,https://sra-downloadb.be-md.ncbi.nlm.nih.gov/sos9/sra-pub-zq-924/SRR012/12672/SRR12672876/SRR12672876.lite.1,SRX9153092,ULc110,AMPLICON,PCR,METATRANSCRIPTOMIC,PAIRED,0,0,ILLUMINA,Illumina MiSeq,SRP283915,PRJNA664410,3,664410,SRS7393067,SAMN16213815,simple,449393,freshwater metagenome,ULc110,,,,,,,no,,,,,INDIANA UNIVERSITY,SRA1128180,,public,69D4193F0FB7B48161FE99FBC4A99019,392C77E4DE15D581FF25C2E90921848B,RNA
SRR12672875,2021-09-28 14:33:01,2020-09-18 19:10:23,232579,116754658,232579,502,77,,https://sra-downloadb.be-md.ncbi.nlm.nih.gov/sos9/sra-pub-zq-924/SRR012/12672/SRR12672875/SRR12672875.lite.1,SRX9153093,ULc111,AMPLICON,PCR,METATRANSCRIPTOMIC,PAIRED,0,0,ILLUMINA,Illumina MiSeq,SRP283915,PRJNA664410,3,664410,SRS7393068,SAMN16213816,simple,449393,freshwater metagenome,ULc111,,,,,,,no,,,,,INDIANA UNIVERSITY,SRA1128180,,public,B37788A697E6175020637E01DDC2C1F7,71C0CB1CD64B457B39EECE0F5CD2CF22,RNA
SRR12672874,2021-09-28 14:33:01,2020-09-18 19:10:25,235365,118153230,235365,502,79,,https://sra-downloadb.be-md.ncbi.nlm.nih.gov/sos1/sra-pub-zq-38/SRR012/12672/SRR12672874/SRR12672874.lite.1,SRX9153094,ULc112,AMPLICON,PCR,METATRANSCRIPTOMIC,PAIRED,0,0,ILLUMINA,Illumina MiSeq,SRP283915,PRJNA664410,3,664410,SRS7393069,SAMN16213817,simple,449393,freshwater metagenome,ULc112,,,,,,,no,,,,,INDIANA UNIVERSITY,SRA1128180,,public,2C2F8C249EC15FCC0E12464B28FA923F,EE691F39A64B382ABAB25251A7FAFF7F,RNA
SRR12672873,2021-09-28 14:33:02,2020-09-18 19:10:27,312942,157096884,312942,502,103,,https://sra-downloadb.be-md.ncbi.nlm.nih.gov/sos1/sra-pub-zq-38/SRR012/12672/SRR12672873/SRR12672873.lite.1,SRX9153095,ULc113,AMPLICON,PCR,METATRANSCRIPTOMIC,PAIRED,0,0,ILLUMINA,Illumina MiSeq,SRP283915,PRJNA664410,3,664410,SRS7393070,SAMN16213818,simple,449393,freshwater metagenome,ULc113,,,,,,,no,,,,,INDIANA UNIVERSITY,SRA1128180,,public,3A456B7854B91A1AF202D0E26BB142D0,36A43804B1C62374902F4D7499FF4CEC,RNA
SRR12672872,2021-09-28 14:33:02,2020-09-18 19:10:20,148694,74644388,148694,502,50,,https://sra-downloadb.be-md.ncbi.nlm.nih.gov/sos1/sra-pub-zq-38/SRR012/12672/SRR12672872/SRR12672872.lite.1,SRX9153096,ULc114,AMPLICON,PCR,METATRANSCRIPTOMIC,PAIRED,0,0,ILLUMINA,Illumina MiSeq,SRP283915,PRJNA664410,3,664410,SRS7393071,SAMN16213819,simple,449393,freshwater metagenome,ULc114,,,,,,,no,,,,,INDIANA UNIVERSITY,SRA1128180,,public,B9E92C1DA05FDCABBAC498FA3BF92A40,C07F2D8780FE00A8EB88E48D3FC6E94F,RNA
SRR12672871,2021-09-28 14:33:02,2020-09-18 19:10:26,244220,122598440,244220,502,81,,https://sra-downloadb.be-md.ncbi.nlm.nih.gov/sos4/sra-pub-zq-1/SRR012/12672/SRR12672871/SRR12672871.lite.1,SRX9153097,ULc115,AMPLICON,PCR,METATRANSCRIPTOMIC,PAIRED,0,0,ILLUMINA,Illumina MiSeq,SRP283915,PRJNA664410,3,664410,SRS7393072,SAMN16213820,simple,449393,freshwater metagenome,ULc115,,,,,,,no,,,,,INDIANA UNIVERSITY,SRA1128180,,public,F0E8579A641D6C1347F5526B24092B3A,029E57555B112C82651D493E5F95F8EC,RNA
SRR12672870,2021-09-28 14:33:02,2020-09-18 19:10:19,171333,86009166,171333,502,57,,https://sra-downloadb.be-md.ncbi.nlm.nih.gov/sos1/sra-pub-zq-38/SRR012/12672/SRR12672870/SRR12672870.lite.1,SRX9153098,ULc116,AMPLICON,PCR,METATRANSCRIPTOMIC,PAIRED,0,0,ILLUMINA,Illumina MiSeq,SRP283915,PRJNA664410,3,664410,SRS7393073,SAMN16213821,simple,449393,freshwater metagenome,ULc116,,,,,,,no,,,,,INDIANA UNIVERSITY,SRA1128180,,public,0EFF1A3A3179C46A0EB2DCF983927C62,B35CD968EB738C94D542E33FA9057448,RNA
SRR12672867,2021-09-28 14:33:02,2020-09-18 19:10:11,165391,83026282,165391,502,54,,https://sra-downloadb.be-md.ncbi.nlm.nih.gov/sos1/sra-pub-zq-38/SRR012/12672/SRR12672867/SRR12672867.lite.1,SRX9153101,ULD025,AMPLICON,PCR,METAGENOMIC,PAIRED,0,0,ILLUMINA,Illumina MiSeq,SRP283915,PRJNA664410,3,664410,SRS7393076,SAMN16213608,simple,449393,freshwater metagenome,ULD025,,,,,,,no,,,,,INDIANA UNIVERSITY,SRA1128180,,public,6F64C500EFAD6E6827D13A1735FDB29F,28280D5C44BFC91B9E0A647341327679,DNA
SRR12672869,2021-09-28 14:33:02,2020-09-18 19:10:15,175253,87977006,175253,502,57,,https://sra-downloadb.be-md.ncbi.nlm.nih.gov/sos9/sra-pub-zq-924/SRR012/12672/SRR12672869/SRR12672869.lite.1,SRX9153099,ULc117,AMPLICON,PCR,METATRANSCRIPTOMIC,PAIRED,0,0,ILLUMINA,Illumina MiSeq,SRP283915,PRJNA664410,3,664410,SRS7393074,SAMN16213822,simple,449393,freshwater metagenome,ULc117,,,,,,,no,,,,,INDIANA UNIVERSITY,SRA1128180,,public,45BD9622C9730729EBDB2E3F9AD9AFB1,F0B748B6B6F398971AC34554E74FD486,RNA
SRR12672868,2021-09-28 14:33:02,2020-09-18 19:10:21,263496,132274992,263496,502,87,,https://sra-downloadb.be-md.ncbi.nlm.nih.gov/sos8/sra-pub-zq-820/SRR012/12672/SRR12672868/SRR12672868.lite.1,SRX9153100,ULc118,AMPLICON,PCR,METATRANSCRIPTOMIC,PAIRED,0,0,ILLUMINA,Illumina MiSeq,SRP283915,PRJNA664410,3,664410,SRS7393075,SAMN16213823,simple,449393,freshwater metagenome,ULc118,,,,,,,no,,,,,INDIANA UNIVERSITY,SRA1128180,,public,1B5D555969BE4481824D32E2CB1EF7B5,BAF0D79F989EDCDEBD8DA49F691AD859,RNA
SRR12672866,2021-09-28 14:33:02,2020-09-18 19:10:23,196067,98425634,196067,502,65,,https://sra-downloadb.be-md.ncbi.nlm.nih.gov/sos8/sra-pub-zq-818/SRR012/12672/SRR12672866/SRR12672866.lite.1,SRX9153102,ULc119,AMPLICON,PCR,METATRANSCRIPTOMIC,PAIRED,0,0,ILLUMINA,Illumina MiSeq,SRP283915,PRJNA664410,3,664410,SRS7393077,SAMN16213824,simple,449393,freshwater metagenome,ULc119,,,,,,,no,,,,,INDIANA UNIVERSITY,SRA1128180,,public,17C8569FA93FF9094887CE247A5C6993,FD7559D01BC01519B87550AE801F72FD,RNA
SRR12672865,2021-09-28 14:33:02,2020-09-18 19:10:22,206446,103635892,206446,502,68,,https://sra-downloadb.be-md.ncbi.nlm.nih.gov/sos4/sra-pub-zq-1/SRR012/12672/SRR12672865/SRR12672865.lite.1,SRX9153103,ULc120,AMPLICON,PCR,METATRANSCRIPTOMIC,PAIRED,0,0,ILLUMINA,Illumina MiSeq,SRP283915,PRJNA664410,3,664410,SRS7393078,SAMN16213825,simple,449393,freshwater metagenome,ULc120,,,,,,,no,,,,,INDIANA UNIVERSITY,SRA1128180,,public,2435D186831856E12FA80D77EA00DA4C,00D01703988434ADFCDDE75DD0704783,RNA
SRR12672860,2021-09-28 14:33:02,2020-09-18 19:10:13,60628,30435256,60628,502,19,,https://sra-downloadb.be-md.ncbi.nlm.nih.gov/sos8/sra-pub-zq-820/SRR012/12672/SRR12672860/SRR12672860.lite.1,SRX9153108,ULD026,AMPLICON,PCR,METAGENOMIC,PAIRED,0,0,ILLUMINA,Illumina MiSeq,SRP283915,PRJNA664410,3,664410,SRS7393083,SAMN16213609,simple,449393,freshwater metagenome,ULD026,,,,,,,no,,,,,INDIANA UNIVERSITY,SRA1128180,,public,F76537CA5BFF469769A115037C6D5245,FE8557910D242D753C67D958078C308C,DNA
SRR12672864,2021-09-28 14:33:02,2020-09-18 19:10:18,259000,130018000,259000,502,85,,https://sra-downloadb.be-md.ncbi.nlm.nih.gov/sos8/sra-pub-zq-820/SRR012/12672/SRR12672864/SRR12672864.lite.1,SRX9153104,ULc121,AMPLICON,PCR,METATRANSCRIPTOMIC,PAIRED,0,0,ILLUMINA,Illumina MiSeq,SRP283915,PRJNA664410,3,664410,SRS7393079,SAMN16213826,simple,449393,freshwater metagenome,ULc121,,,,,,,no,,,,,INDIANA UNIVERSITY,SRA1128180,,public,970B60B1136F58532357B44DFD3A45A5,A2D3A4F745845AD8E3B2D8343368B51F,RNA
SRR12672863,2021-09-28 14:33:02,2020-09-18 19:10:23,201095,100949690,201095,502,66,,https://sra-downloadb.be-md.ncbi.nlm.nih.gov/sos4/sra-pub-zq-1/SRR012/12672/SRR12672863/SRR12672863.lite.1,SRX9153105,ULc122,AMPLICON,PCR,METATRANSCRIPTOMIC,PAIRED,0,0,ILLUMINA,Illumina MiSeq,SRP283915,PRJNA664410,3,664410,SRS7393080,SAMN16213827,simple,449393,freshwater metagenome,ULc122,,,,,,,no,,,,,INDIANA UNIVERSITY,SRA1128180,,public,EBBAFF659CD22FAC063A1F0BDA66B3CE,6F84BF7A7B721DEA0E1871BDE2095414,RNA
SRR12672862,2021-09-28 14:33:02,2020-09-18 19:10:17,113449,56951398,113449,502,37,,https://sra-downloadb.be-md.ncbi.nlm.nih.gov/sos8/sra-pub-zq-820/SRR012/12672/SRR12672862/SRR12672862.lite.1,SRX9153106,ULc123,AMPLICON,PCR,METATRANSCRIPTOMIC,PAIRED,0,0,ILLUMINA,Illumina MiSeq,SRP283915,PRJNA664410,3,664410,SRS7393081,SAMN16213828,simple,449393,freshwater metagenome,ULc123,,,,,,,no,,,,,INDIANA UNIVERSITY,SRA1128180,,public,EC08DE60A5E2D56BC0D033796E2ADEBE,70863FFDDB0503C61FFFDA0FBEC670DB,RNA
SRR12672861,2021-09-28 14:33:02,2020-09-18 19:10:22,224569,112733638,224569,502,74,,https://sra-downloadb.be-md.ncbi.nlm.nih.gov/sos9/sra-pub-zq-924/SRR012/12672/SRR12672861/SRR12672861.lite.1,SRX9153107,ULc124,AMPLICON,PCR,METATRANSCRIPTOMIC,PAIRED,0,0,ILLUMINA,Illumina MiSeq,SRP283915,PRJNA664410,3,664410,SRS7393082,SAMN16213829,simple,449393,freshwater metagenome,ULc124,,,,,,,no,,,,,INDIANA UNIVERSITY,SRA1128180,,public,9399377A42AFA02DEDD0B11AB3CE193F,8357E4253A7ABEC8729E40A639E40C10,RNA
SRR12672855,2021-09-28 14:33:02,2020-09-18 19:10:22,213753,107304006,213753,502,72,,https://sra-downloadb.be-md.ncbi.nlm.nih.gov/sos4/sra-pub-zq-1/SRR012/12672/SRR12672855/SRR12672855.lite.1,SRX9153113,ULD004,AMPLICON,PCR,METAGENOMIC,PAIRED,0,0,ILLUMINA,Illumina MiSeq,SRP283915,PRJNA664410,3,664410,SRS7393088,SAMN16213587,simple,449393,freshwater metagenome,ULD004,,,,,,,no,,,,,INDIANA UNIVERSITY,SRA1128180,,public,4DDBC4D047F6DFDA11DB287B1B5284B0,8E9D3668ECCB7B44B4CB4D95F7672248,DNA
SRR12672859,2021-09-28 14:33:02,2020-09-18 19:10:13,111750,56098500,111750,502,36,,https://sra-downloadb.be-md.ncbi.nlm.nih.gov/sos9/sra-pub-zq-924/SRR012/12672/SRR12672859/SRR12672859.lite.1,SRX9153109,ULD027,AMPLICON,PCR,METAGENOMIC,PAIRED,0,0,ILLUMINA,Illumina MiSeq,SRP283915,PRJNA664410,3,664410,SRS7393084,SAMN16213610,simple,449393,freshwater metagenome,ULD027,,,,,,,no,,,,,INDIANA UNIVERSITY,SRA1128180,,public,21DCCAA44C94B8594A22386C4A998AA2,C713A36B2CFB1640A843BA64F95EB1C5,DNA
SRR12672858,2021-09-28 14:33:02,2020-09-18 19:10:24,244294,122635588,244294,502,81,,https://sra-downloadb.be-md.ncbi.nlm.nih.gov/sos4/sra-pub-zq-1/SRR012/12672/SRR12672858/SRR12672858.lite.1,SRX9153110,ULD028,AMPLICON,PCR,METAGENOMIC,PAIRED,0,0,ILLUMINA,Illumina MiSeq,SRP283915,PRJNA664410,3,664410,SRS7393085,SAMN16213611,simple,449393,freshwater metagenome,ULD028,,,,,,,no,,,,,INDIANA UNIVERSITY,SRA1128180,,public,C7259545E4EBF9BA7A03C284978A353F,3FAD99A511FCF5BD53512DF9EF958AD3,DNA
SRR12672857,2021-09-28 14:33:02,2020-09-18 19:10:23,266386,133725772,266386,502,88,,https://sra-downloadb.be-md.ncbi.nlm.nih.gov/sos9/sra-pub-zq-924/SRR012/12672/SRR12672857/SRR12672857.lite.1,SRX9153111,ULD029,AMPLICON,PCR,METAGENOMIC,PAIRED,0,0,ILLUMINA,Illumina MiSeq,SRP283915,PRJNA664410,3,664410,SRS7393086,SAMN16213612,simple,449393,freshwater metagenome,ULD029,,,,,,,no,,,,,INDIANA UNIVERSITY,SRA1128180,,public,DFB9BAAAEC264D52BEA8CD2FB9111EF3,A913995951FD5610D7C90189EF4BCD7F,DNA
SRR12672856,2021-09-28 14:33:02,2020-09-18 19:10:26,223548,112221096,223548,502,74,,https://sra-downloadb.be-md.ncbi.nlm.nih.gov/sos8/sra-pub-zq-818/SRR012/12672/SRR12672856/SRR12672856.lite.1,SRX9153112,ULD030,AMPLICON,PCR,METAGENOMIC,PAIRED,0,0,ILLUMINA,Illumina MiSeq,SRP283915,PRJNA664410,3,664410,SRS7393087,SAMN16213613,simple,449393,freshwater metagenome,ULD030,,,,,,,no,,,,,INDIANA UNIVERSITY,SRA1128180,,public,07DB34C450873786BD130FF5E8A8364D,8790679D735C5A82AA0FCFAD610960FD,DNA
SRR12672854,2021-09-28 14:33:02,2020-09-18 19:10:21,211110,105977220,211110,502,69,,https://sra-downloadb.be-md.ncbi.nlm.nih.gov/sos4/sra-pub-zq-1/SRR012/12672/SRR12672854/SRR12672854.lite.1,SRX9153114,ULD031,AMPLICON,PCR,METAGENOMIC,PAIRED,0,0,ILLUMINA,Illumina MiSeq,SRP283915,PRJNA664410,3,664410,SRS7393089,SAMN16213614,simple,449393,freshwater metagenome,ULD031,,,,,,,no,,,,,INDIANA UNIVERSITY,SRA1128180,,public,8298615B5AD2C24C4F560F40F81E934D,1608B6FEBE200A354E28D8D3E4AC94A6,DNA
SRR12672853,2021-09-28 14:33:02,2020-09-18 19:10:09,149350,74973700,149350,502,50,,https://sra-downloadb.be-md.ncbi.nlm.nih.gov/sos9/sra-pub-zq-924/SRR012/12672/SRR12672853/SRR12672853.lite.1,SRX9153115,ULD032,AMPLICON,PCR,METAGENOMIC,PAIRED,0,0,ILLUMINA,Illumina MiSeq,SRP283915,PRJNA664410,3,664410,SRS7393090,SAMN16213615,simple,449393,freshwater metagenome,ULD032,,,,,,,no,,,,,INDIANA UNIVERSITY,SRA1128180,,public,57043B4BA13FA35BCD0FB0D5ADD5E62F,007659224DF65125A5E9F356628EC4F0,DNA
SRR12672852,2021-09-28 14:33:02,2020-09-18 19:09:39,166460,83562920,166460,502,55,,https://sra-downloadb.be-md.ncbi.nlm.nih.gov/sos9/sra-pub-zq-924/SRR012/12672/SRR12672852/SRR12672852.lite.1,SRX9153116,ULD034,AMPLICON,PCR,METAGENOMIC,PAIRED,0,0,ILLUMINA,Illumina MiSeq,SRP283915,PRJNA664410,3,664410,SRS7393091,SAMN16213616,simple,449393,freshwater metagenome,ULD034,,,,,,,no,,,,,INDIANA UNIVERSITY,SRA1128180,,public,68C65B553D7B1E4DC0EC466E5C8D6EB2,4EBB7D7578066DDDF8BED0A49A759FCF,DNA
SRR12672851,2021-09-28 14:33:03,2020-09-18 19:09:37,161925,81286350,161925,502,52,,https://sra-downloadb.be-md.ncbi.nlm.nih.gov/sos9/sra-pub-zq-924/SRR012/12672/SRR12672851/SRR12672851.lite.1,SRX9153117,ULD035,AMPLICON,PCR,METAGENOMIC,PAIRED,0,0,ILLUMINA,Illumina MiSeq,SRP283915,PRJNA664410,3,664410,SRS7393092,SAMN16213617,simple,449393,freshwater metagenome,ULD035,,,,,,,no,,,,,INDIANA UNIVERSITY,SRA1128180,,public,AE30BCB972D8C1B56FF91AE828105D37,B88764F9126BECA0D9694C54F35305A0,DNA
SRR12672850,2021-09-28 14:33:03,2020-09-18 19:09:07,152294,76451588,152294,502,50,,https://sra-downloadb.be-md.ncbi.nlm.nih.gov/sos1/sra-pub-zq-38/SRR012/12672/SRR12672850/SRR12672850.lite.1,SRX9153118,ULD036,AMPLICON,PCR,METAGENOMIC,PAIRED,0,0,ILLUMINA,Illumina MiSeq,SRP283915,PRJNA664410,3,664410,SRS7393093,SAMN16213618,simple,449393,freshwater metagenome,ULD036,,,,,,,no,,,,,INDIANA UNIVERSITY,SRA1128180,,public,795EAEC90925B1447B9FCFD73BD84045,96F4593470379C09A638405684EA3078,DNA
SRR12672849,2021-09-28 14:33:03,2020-09-18 19:09:05,54216,27216432,54216,502,17,,https://sra-downloadb.be-md.ncbi.nlm.nih.gov/sos8/sra-pub-zq-820/SRR012/12672/SRR12672849/SRR12672849.lite.1,SRX9153119,ULD037,AMPLICON,PCR,METAGENOMIC,PAIRED,0,0,ILLUMINA,Illumina MiSeq,SRP283915,PRJNA664410,3,664410,SRS7393094,SAMN16213619,simple,449393,freshwater metagenome,ULD037,,,,,,,no,,,,,INDIANA UNIVERSITY,SRA1128180,,public,D985BD2434BC94DD8CFB69039065EBF6,C511DAAF7F89C773A137C42770F08C26,DNA
SRR12672848,2021-09-28 14:33:03,2020-09-18 19:09:06,61436,30840872,61436,502,20,,https://sra-downloadb.be-md.ncbi.nlm.nih.gov/sos8/sra-pub-zq-820/SRR012/12672/SRR12672848/SRR12672848.lite.1,SRX9153120,ULD038,AMPLICON,PCR,METAGENOMIC,PAIRED,0,0,ILLUMINA,Illumina MiSeq,SRP283915,PRJNA664410,3,664410,SRS7393095,SAMN16213620,simple,449393,freshwater metagenome,ULD038,,,,,,,no,,,,,INDIANA UNIVERSITY,SRA1128180,,public,2F1DFCE8EE473A681B9E1E8A829CB339,4CAB6577C7EA871DB39D1E8EE2D42C08,DNA
SRR12672847,2021-09-28 14:33:03,2020-09-18 19:09:06,63847,32051194,63847,502,21,,https://sra-downloadb.be-md.ncbi.nlm.nih.gov/sos4/sra-pub-zq-1/SRR012/12672/SRR12672847/SRR12672847.lite.1,SRX9153121,ULD039,AMPLICON,PCR,METAGENOMIC,PAIRED,0,0,ILLUMINA,Illumina MiSeq,SRP283915,PRJNA664410,3,664410,SRS7393096,SAMN16213621,simple,449393,freshwater metagenome,ULD039,,,,,,,no,,,,,INDIANA UNIVERSITY,SRA1128180,,public,E2C79E7EFE8BD0290BFEB3CA2D0D0F20,0FFB2517CD03AE9D946447687F628249,DNA
SRR12672846,2021-09-28 14:33:03,2020-09-18 19:09:06,92763,46567026,92763,502,30,,https://sra-downloadb.be-md.ncbi.nlm.nih.gov/sos9/sra-pub-zq-922/SRR012/12672/SRR12672846/SRR12672846.lite.1,SRX9153122,ULD040,AMPLICON,PCR,METAGENOMIC,PAIRED,0,0,ILLUMINA,Illumina MiSeq,SRP283915,PRJNA664410,3,664410,SRS7393098,SAMN16213622,simple,449393,freshwater metagenome,ULD040,,,,,,,no,,,,,INDIANA UNIVERSITY,SRA1128180,,public,9BB012A91F4A95E12387CA30DB99F125,245EA97C85D9225109FA4C1B9FB36CD7,DNA
SRR12672845,2021-09-28 14:33:03,2020-09-18 19:09:07,107907,54169314,107907,502,35,,https://sra-downloadb.be-md.ncbi.nlm.nih.gov/sos9/sra-pub-zq-924/SRR012/12672/SRR12672845/SRR12672845.lite.1,SRX9153123,ULD041,AMPLICON,PCR,METAGENOMIC,PAIRED,0,0,ILLUMINA,Illumina MiSeq,SRP283915,PRJNA664410,3,664410,SRS7393097,SAMN16213623,simple,449393,freshwater metagenome,ULD041,,,,,,,no,,,,,INDIANA UNIVERSITY,SRA1128180,,public,6B68378D75E293DCBC92B33D08033D8D,1285271854E282224AD7C636679246F3,DNA
SRR12672844,2021-09-28 14:33:03,2020-09-18 19:09:05,35880,18011760,35880,502,11,,https://sra-downloadb.be-md.ncbi.nlm.nih.gov/sos9/sra-pub-zq-924/SRR012/12672/SRR12672844/SRR12672844.lite.1,SRX9153124,ULD005,AMPLICON,PCR,METAGENOMIC,PAIRED,0,0,ILLUMINA,Illumina MiSeq,SRP283915,PRJNA664410,3,664410,SRS7393099,SAMN16213588,simple,449393,freshwater metagenome,ULD005,,,,,,,no,,,,,INDIANA UNIVERSITY,SRA1128180,,public,6BA2244C8DD0F037C80A7D3B947276F2,19F6BCFA076FA1E4D61A14FA6FCF186B,DNA
SRR12672843,2021-09-28 14:33:03,2020-09-18 19:09:06,88689,44521878,88689,502,29,,https://sra-downloadb.be-md.ncbi.nlm.nih.gov/sos4/sra-pub-zq-1/SRR012/12672/SRR12672843/SRR12672843.lite.1,SRX9153125,ULD042,AMPLICON,PCR,METAGENOMIC,PAIRED,0,0,ILLUMINA,Illumina MiSeq,SRP283915,PRJNA664410,3,664410,SRS7393100,SAMN16213624,simple,449393,freshwater metagenome,ULD042,,,,,,,no,,,,,INDIANA UNIVERSITY,SRA1128180,,public,84FF4E8F6CDA77703386352D2D7A8F7B,7FA35192CB44ACAC3A8FC07F99B43054,DNA
SRR12672842,2021-09-28 14:33:03,2020-09-18 19:09:06,68592,34433184,68592,502,22,,https://sra-downloadb.be-md.ncbi.nlm.nih.gov/sos9/sra-pub-zq-924/SRR012/12672/SRR12672842/SRR12672842.lite.1,SRX9153126,ULD043,AMPLICON,PCR,METAGENOMIC,PAIRED,0,0,ILLUMINA,Illumina MiSeq,SRP283915,PRJNA664410,3,664410,SRS7393101,SAMN16213625,simple,449393,freshwater metagenome,ULD043,,,,,,,no,,,,,INDIANA UNIVERSITY,SRA1128180,,public,D667502E03B130E4B424032D4C833F3A,FD7BBD05E6DE62EC24D19EFE6936C1A0,DNA
SRR12672841,2021-09-28 14:33:03,2020-09-18 19:09:08,81772,41049544,81772,502,27,,https://sra-downloadb.be-md.ncbi.nlm.nih.gov/sos4/sra-pub-zq-1/SRR012/12672/SRR12672841/SRR12672841.lite.1,SRX9153127,ULD044,AMPLICON,PCR,METAGENOMIC,PAIRED,0,0,ILLUMINA,Illumina MiSeq,SRP283915,PRJNA664410,3,664410,SRS7393102,SAMN16213626,simple,449393,freshwater metagenome,ULD044,,,,,,,no,,,,,INDIANA UNIVERSITY,SRA1128180,,public,5DB86250965A62BE7C8EF591BB6CE4C5,6997F8D68D53F73B9A1FA53804400223,DNA
SRR12672840,2021-09-28 14:33:03,2020-09-18 19:09:07,89141,44748782,89141,502,29,,https://sra-downloadb.be-md.ncbi.nlm.nih.gov/sos8/sra-pub-zq-820/SRR012/12672/SRR12672840/SRR12672840.lite.1,SRX9153128,ULD045,AMPLICON,PCR,METAGENOMIC,PAIRED,0,0,ILLUMINA,Illumina MiSeq,SRP283915,PRJNA664410,3,664410,SRS7393105,SAMN16213627,simple,449393,freshwater metagenome,ULD045,,,,,,,no,,,,,INDIANA UNIVERSITY,SRA1128180,,public,61261C3211D90EAC51A83D1FDAD03FB1,21FB5E82722101D3E0575ED28EDC0EB7,DNA
SRR12672839,2021-09-28 14:33:03,2020-09-18 19:09:07,110675,55558850,110675,502,37,,https://sra-downloadb.be-md.ncbi.nlm.nih.gov/sos9/sra-pub-zq-924/SRR012/12672/SRR12672839/SRR12672839.lite.1,SRX9153129,ULD046,AMPLICON,PCR,METAGENOMIC,PAIRED,0,0,ILLUMINA,Illumina MiSeq,SRP283915,PRJNA664410,3,664410,SRS7393104,SAMN16213628,simple,449393,freshwater metagenome,ULD046,,,,,,,no,,,,,INDIANA UNIVERSITY,SRA1128180,,public,3EE3B0F2878266F5ABB11864F0717AFF,B9E4DAFE28854F5AD4B33D540B750069,DNA
SRR12672838,2021-09-28 14:33:03,2020-09-18 19:09:06,32825,16478150,32825,502,11,,https://sra-downloadb.be-md.ncbi.nlm.nih.gov/sos8/sra-pub-zq-820/SRR012/12672/SRR12672838/SRR12672838.lite.1,SRX9153130,ULD047,AMPLICON,PCR,METAGENOMIC,PAIRED,0,0,ILLUMINA,Illumina MiSeq,SRP283915,PRJNA664410,3,664410,SRS7393103,SAMN16213629,simple,449393,freshwater metagenome,ULD047,,,,,,,no,,,,,INDIANA UNIVERSITY,SRA1128180,,public,D0985CDBDB7830E70B61F6F2A7C59B98,39D0E552C9B96D98CB138CC8E890E509,DNA
SRR12672837,2021-09-28 14:33:03,2020-09-18 19:08:52,67641,33955782,67641,502,22,,https://sra-downloadb.be-md.ncbi.nlm.nih.gov/sos9/sra-pub-zq-924/SRR012/12672/SRR12672837/SRR12672837.lite.1,SRX9153131,ULD048,AMPLICON,PCR,METAGENOMIC,PAIRED,0,0,ILLUMINA,Illumina MiSeq,SRP283915,PRJNA664410,3,664410,SRS7393106,SAMN16213630,simple,449393,freshwater metagenome,ULD048,,,,,,,no,,,,,INDIANA UNIVERSITY,SRA1128180,,public,C636D4D628B53B2AEADCBBB439FCF347,F7C3B8056AC4DB6D1C52CD6AC273DF68,DNA
SRR12672836,2021-09-28 14:33:03,2020-09-18 19:09:06,53852,27033704,53852,502,18,,https://sra-downloadb.be-md.ncbi.nlm.nih.gov/sos1/sra-pub-zq-38/SRR012/12672/SRR12672836/SRR12672836.lite.1,SRX9153132,ULD049,AMPLICON,PCR,METAGENOMIC,PAIRED,0,0,ILLUMINA,Illumina MiSeq,SRP283915,PRJNA664410,3,664410,SRS7393107,SAMN16213631,simple,449393,freshwater metagenome,ULD049,,,,,,,no,,,,,INDIANA UNIVERSITY,SRA1128180,,public,312D32B918ADF0CA20B8A9E5B242B3F9,C8862E89394DBD0A9D826B0FC6F78462,DNA
SRR12672835,2021-09-28 14:33:03,2020-09-18 19:09:06,89659,45008818,89659,502,30,,https://sra-downloadb.be-md.ncbi.nlm.nih.gov/sos1/sra-pub-zq-38/SRR012/12672/SRR12672835/SRR12672835.lite.1,SRX9153133,ULD050,AMPLICON,PCR,METAGENOMIC,PAIRED,0,0,ILLUMINA,Illumina MiSeq,SRP283915,PRJNA664410,3,664410,SRS7393108,SAMN16213632,simple,449393,freshwater metagenome,ULD050,,,,,,,no,,,,,INDIANA UNIVERSITY,SRA1128180,,public,73525021D2F395D9FEAFE7C8FBF6BD8B,4245759266F724F5D3A0357E7EC0D20B,DNA
SRR12672833,2021-09-28 14:33:03,2020-09-18 19:09:14,349644,175521288,349644,502,115,,https://sra-downloadb.be-md.ncbi.nlm.nih.gov/sos4/sra-pub-zq-1/SRR012/12672/SRR12672833/SRR12672833.lite.1,SRX9153135,ULD006,AMPLICON,PCR,METAGENOMIC,PAIRED,0,0,ILLUMINA,Illumina MiSeq,SRP283915,PRJNA664410,3,664410,SRS7393109,SAMN16213589,simple,449393,freshwater metagenome,ULD006,,,,,,,no,,,,,INDIANA UNIVERSITY,SRA1128180,,public,9D84E2672473FD2236989A73ED593ECB,53F25041F8F1F476647BBCD37CE831B3,DNA
SRR12672834,2021-09-28 14:33:03,2020-09-18 19:09:06,79091,39703682,79091,502,26,,https://sra-downloadb.be-md.ncbi.nlm.nih.gov/sos1/sra-pub-zq-38/SRR012/12672/SRR12672834/SRR12672834.lite.1,SRX9153134,ULD051,AMPLICON,PCR,METAGENOMIC,PAIRED,0,0,ILLUMINA,Illumina MiSeq,SRP283915,PRJNA664410,3,664410,SRS7393110,SAMN16213633,simple,449393,freshwater metagenome,ULD051,,,,,,,no,,,,,INDIANA UNIVERSITY,SRA1128180,,public,D3F3D22C093F20D424DA064AAA391222,1071C7967AB3E77B9CD2E7EF667FD44D,DNA
SRR12672832,2021-09-28 14:33:03,2020-09-18 19:09:06,64909,32584318,64909,502,21,,https://sra-downloadb.be-md.ncbi.nlm.nih.gov/sos1/sra-pub-zq-38/SRR012/12672/SRR12672832/SRR12672832.lite.1,SRX9153136,ULD052,AMPLICON,PCR,METAGENOMIC,PAIRED,0,0,ILLUMINA,Illumina MiSeq,SRP283915,PRJNA664410,3,664410,SRS7393111,SAMN16213634,simple,449393,freshwater metagenome,ULD052,,,,,,,no,,,,,INDIANA UNIVERSITY,SRA1128180,,public,A20B54C7E936FF6BB74BE57A31171FFF,661669AA5A76C1DEDA0135AC678F55AF,DNA
SRR12672831,2021-09-28 14:33:03,2020-09-18 19:09:05,125472,62986944,125472,502,41,,https://sra-downloadb.be-md.ncbi.nlm.nih.gov/sos9/sra-pub-zq-924/SRR012/12672/SRR12672831/SRR12672831.lite.1,SRX9153137,ULD053,AMPLICON,PCR,METAGENOMIC,PAIRED,0,0,ILLUMINA,Illumina MiSeq,SRP283915,PRJNA664410,3,664410,SRS7393112,SAMN16213635,simple,449393,freshwater metagenome,ULD053,,,,,,,no,,,,,INDIANA UNIVERSITY,SRA1128180,,public,94DE6403D2E8C54FBA07A1ECB639A1CB,F8FD72ACC886F1F636C6B23A12512E30,DNA
SRR12672830,2021-09-28 14:33:03,2020-09-18 19:09:06,219281,110079062,219281,502,71,,https://sra-downloadb.be-md.ncbi.nlm.nih.gov/sos9/sra-pub-zq-924/SRR012/12672/SRR12672830/SRR12672830.lite.1,SRX9153138,ULD054,AMPLICON,PCR,METAGENOMIC,PAIRED,0,0,ILLUMINA,Illumina MiSeq,SRP283915,PRJNA664410,3,664410,SRS7393114,SAMN16213636,simple,449393,freshwater metagenome,ULD054,,,,,,,no,,,,,INDIANA UNIVERSITY,SRA1128180,,public,853D4FF5D7A31D144387B1CE2AE14C5A,6B4DC84F341F37B42CB5D7C3ED55BA66,DNA
SRR12672829,2021-09-28 14:33:03,2020-09-18 19:09:05,92802,46586604,92802,502,30,,https://sra-downloadb.be-md.ncbi.nlm.nih.gov/sos9/sra-pub-zq-924/SRR012/12672/SRR12672829/SRR12672829.lite.1,SRX9153139,ULD055,AMPLICON,PCR,METAGENOMIC,PAIRED,0,0,ILLUMINA,Illumina MiSeq,SRP283915,PRJNA664410,3,664410,SRS7393113,SAMN16213637,simple,449393,freshwater metagenome,ULD055,,,,,,,no,,,,,INDIANA UNIVERSITY,SRA1128180,,public,8D803A8802597C66708869D407E44F26,FE4B6B5053A72B9C621B3CDE3F7415AD,DNA
SRR12672828,2021-09-28 14:33:03,2020-09-18 19:09:07,110878,55660756,110878,502,37,,https://sra-downloadb.be-md.ncbi.nlm.nih.gov/sos1/sra-pub-zq-38/SRR012/12672/SRR12672828/SRR12672828.lite.1,SRX9153140,ULD056,AMPLICON,PCR,METAGENOMIC,PAIRED,0,0,ILLUMINA,Illumina MiSeq,SRP283915,PRJNA664410,3,664410,SRS7393115,SAMN16213638,simple,449393,freshwater metagenome,ULD056,,,,,,,no,,,,,INDIANA UNIVERSITY,SRA1128180,,public,731D1EC292A2FDE1FC2A972336C2D517,783725A0A626A017DA141DE5DF64CBA8,DNA
SRR12672827,2021-09-28 14:33:03,2020-09-18 19:09:29,116104,58284208,116104,502,38,,https://sra-downloadb.be-md.ncbi.nlm.nih.gov/sos8/sra-pub-zq-820/SRR012/12672/SRR12672827/SRR12672827.lite.1,SRX9153141,ULD057,AMPLICON,PCR,METAGENOMIC,PAIRED,0,0,ILLUMINA,Illumina MiSeq,SRP283915,PRJNA664410,3,664410,SRS7393116,SAMN16213639,simple,449393,freshwater metagenome,ULD057,,,,,,,no,,,,,INDIANA UNIVERSITY,SRA1128180,,public,8B171F3954980FA25CDF2303F796B618,E3C97FB1BB0B1AB8FC53D93C69EFC293,DNA
SRR12672826,2021-09-28 14:33:03,2020-09-18 19:09:06,64193,32224886,64193,502,21,,https://sra-downloadb.be-md.ncbi.nlm.nih.gov/sos8/sra-pub-zq-818/SRR012/12672/SRR12672826/SRR12672826.lite.1,SRX9153142,ULD058,AMPLICON,PCR,METAGENOMIC,PAIRED,0,0,ILLUMINA,Illumina MiSeq,SRP283915,PRJNA664410,3,664410,SRS7393117,SAMN16213640,simple,449393,freshwater metagenome,ULD058,,,,,,,no,,,,,INDIANA UNIVERSITY,SRA1128180,,public,F6801107160E1924B215D76B657DE4A7,849330D2AD49ED86338E17C74122D116,DNA
SRR12672825,2021-09-28 14:33:03,2020-09-18 19:09:08,157459,79044418,157459,502,52,,https://sra-downloadb.be-md.ncbi.nlm.nih.gov/sos1/sra-pub-zq-38/SRR012/12672/SRR12672825/SRR12672825.lite.1,SRX9153143,ULD059,AMPLICON,PCR,METAGENOMIC,PAIRED,0,0,ILLUMINA,Illumina MiSeq,SRP283915,PRJNA664410,3,664410,SRS7393118,SAMN16213641,simple,449393,freshwater metagenome,ULD059,,,,,,,no,,,,,INDIANA UNIVERSITY,SRA1128180,,public,D0CC0C4740AB459C23FC1F2D846C45F9,A4EFB48D1C0AC16C886B7B9114CCE4F8,DNA
SRR12672822,2021-09-28 14:33:03,2020-09-18 19:09:09,249952,125475904,249952,502,82,,https://sra-downloadb.be-md.ncbi.nlm.nih.gov/sos1/sra-pub-zq-38/SRR012/12672/SRR12672822/SRR12672822.lite.1,SRX9153146,ULD007,AMPLICON,PCR,METAGENOMIC,PAIRED,0,0,ILLUMINA,Illumina MiSeq,SRP283915,PRJNA664410,3,664410,SRS7393120,SAMN16213590,simple,449393,freshwater metagenome,ULD007,,,,,,,no,,,,,INDIANA UNIVERSITY,SRA1128180,,public,3699B4995DBC94056C11E8B978A1BE8D,9B815D5AA946CF07E4E632DB0795C12B,DNA
SRR12672824,2021-09-28 14:33:03,2020-09-18 19:09:06,98070,49231140,98070,502,32,,https://sra-downloadb.be-md.ncbi.nlm.nih.gov/sos4/sra-pub-zq-1/SRR012/12672/SRR12672824/SRR12672824.lite.1,SRX9153144,ULD060,AMPLICON,PCR,METAGENOMIC,PAIRED,0,0,ILLUMINA,Illumina MiSeq,SRP283915,PRJNA664410,3,664410,SRS7393119,SAMN16213642,simple,449393,freshwater metagenome,ULD060,,,,,,,no,,,,,INDIANA UNIVERSITY,SRA1128180,,public,B5950845F36145C7645D4C840F96F058,DB2C4DDE0897E9DD31314E67E1559086,DNA
SRR12672823,2021-09-28 14:33:03,2020-09-18 19:09:11,212298,106573596,212298,502,69,,https://sra-downloadb.be-md.ncbi.nlm.nih.gov/sos9/sra-pub-zq-924/SRR012/12672/SRR12672823/SRR12672823.lite.1,SRX9153145,ULD061,AMPLICON,PCR,METAGENOMIC,PAIRED,0,0,ILLUMINA,Illumina MiSeq,SRP283915,PRJNA664410,3,664410,SRS7393121,SAMN16213643,simple,449393,freshwater metagenome,ULD061,,,,,,,no,,,,,INDIANA UNIVERSITY,SRA1128180,,public,DF3AA9FD242F47159F1E732963A53E77,9D4FA6BA1585C3D3D973E1810A06A7D0,DNA
SRR12672821,2021-09-28 14:33:03,2020-09-18 19:08:53,145598,73090196,145598,502,48,,https://sra-downloadb.be-md.ncbi.nlm.nih.gov/sos9/sra-pub-zq-924/SRR012/12672/SRR12672821/SRR12672821.lite.1,SRX9153147,ULD062,AMPLICON,PCR,METAGENOMIC,PAIRED,0,0,ILLUMINA,Illumina MiSeq,SRP283915,PRJNA664410,3,664410,SRS7393122,SAMN16213644,simple,449393,freshwater metagenome,ULD062,,,,,,,no,,,,,INDIANA UNIVERSITY,SRA1128180,,public,F06649C0352B69FC6D713CE9E311D74A,34EF2DC68260A5FC9F53E94D6BBDBC1E,DNA
SRR12672820,2021-09-28 14:33:04,2020-09-18 19:09:06,138538,69546076,138538,502,45,,https://sra-downloadb.be-md.ncbi.nlm.nih.gov/sos9/sra-pub-zq-922/SRR012/12672/SRR12672820/SRR12672820.lite.1,SRX9153148,ULD063,AMPLICON,PCR,METAGENOMIC,PAIRED,0,0,ILLUMINA,Illumina MiSeq,SRP283915,PRJNA664410,3,664410,SRS7393123,SAMN16213645,simple,449393,freshwater metagenome,ULD063,,,,,,,no,,,,,INDIANA UNIVERSITY,SRA1128180,,public,2E0F11FD9220DB0B6540C31B2267FF12,2727163DBCD423A775B537F913069891,DNA
SRR12672819,2021-09-28 14:33:04,2020-09-18 19:09:07,124910,62704820,124910,502,41,,https://sra-downloadb.be-md.ncbi.nlm.nih.gov/sos9/sra-pub-zq-924/SRR012/12672/SRR12672819/SRR12672819.lite.1,SRX9153149,ULD064,AMPLICON,PCR,METAGENOMIC,PAIRED,0,0,ILLUMINA,Illumina MiSeq,SRP283915,PRJNA664410,3,664410,SRS7393124,SAMN16213646,simple,449393,freshwater metagenome,ULD064,,,,,,,no,,,,,INDIANA UNIVERSITY,SRA1128180,,public,EF7967DD2C680C7972FCB7239BAE35CA,0C310F69975932303C03C195184CEC76,DNA
SRR12672818,2021-09-28 14:33:04,2020-09-18 19:09:07,117378,58923756,117378,502,38,,https://sra-downloadb.be-md.ncbi.nlm.nih.gov/sos9/sra-pub-zq-924/SRR012/12672/SRR12672818/SRR12672818.lite.1,SRX9153150,ULD065,AMPLICON,PCR,METAGENOMIC,PAIRED,0,0,ILLUMINA,Illumina MiSeq,SRP283915,PRJNA664410,3,664410,SRS7393126,SAMN16213647,simple,449393,freshwater metagenome,ULD065,,,,,,,no,,,,,INDIANA UNIVERSITY,SRA1128180,,public,208876CC38C6380914F86A5F05691C71,8B180438DE5FE0135ABC556E7F850D63,DNA
SRR12672817,2021-09-28 14:33:04,2020-09-18 19:09:06,133055,66793610,133055,502,44,,https://sra-downloadb.be-md.ncbi.nlm.nih.gov/sos9/sra-pub-zq-922/SRR012/12672/SRR12672817/SRR12672817.lite.1,SRX9153151,ULD066,AMPLICON,PCR,METAGENOMIC,PAIRED,0,0,ILLUMINA,Illumina MiSeq,SRP283915,PRJNA664410,3,664410,SRS7393125,SAMN16213648,simple,449393,freshwater metagenome,ULD066,,,,,,,no,,,,,INDIANA UNIVERSITY,SRA1128180,,public,DB0B5353EB471C0036134C17C8063AB4,B48E5492445D1BF05A572913162BD87E,DNA
SRR12672816,2021-09-28 14:33:04,2020-09-18 19:09:06,82800,41565600,82800,502,27,,https://sra-downloadb.be-md.ncbi.nlm.nih.gov/sos1/sra-pub-zq-38/SRR012/12672/SRR12672816/SRR12672816.lite.1,SRX9153152,ULD067,AMPLICON,PCR,METAGENOMIC,PAIRED,0,0,ILLUMINA,Illumina MiSeq,SRP283915,PRJNA664410,3,664410,SRS7393127,SAMN16213649,simple,449393,freshwater metagenome,ULD067,,,,,,,no,,,,,INDIANA UNIVERSITY,SRA1128180,,public,133C0E7AF66C5CF9F8C4BEB13934C58C,B8608C62CDE68442C854C020B2661C74,DNA
SRR12672815,2021-09-28 14:33:04,2020-09-18 19:09:08,175330,88015660,175330,502,57,,https://sra-downloadb.be-md.ncbi.nlm.nih.gov/sos1/sra-pub-zq-38/SRR012/12672/SRR12672815/SRR12672815.lite.1,SRX9153153,ULD068,AMPLICON,PCR,METAGENOMIC,PAIRED,0,0,ILLUMINA,Illumina MiSeq,SRP283915,PRJNA664410,3,664410,SRS7393128,SAMN16213650,simple,449393,freshwater metagenome,ULD068,,,,,,,no,,,,,INDIANA UNIVERSITY,SRA1128180,,public,B70BAC51E47135A3740672434C74423E,F9700386487A00CF34DE2C6FE8FD0252,DNA
SRR12672811,2021-09-28 14:33:04,2020-09-18 19:09:08,143080,71826160,143080,502,46,,https://sra-downloadb.be-md.ncbi.nlm.nih.gov/sos8/sra-pub-zq-820/SRR012/12672/SRR12672811/SRR12672811.lite.1,SRX9153157,ULD008,AMPLICON,PCR,METAGENOMIC,PAIRED,0,0,ILLUMINA,Illumina MiSeq,SRP283915,PRJNA664410,3,664410,SRS7393132,SAMN16213591,simple,449393,freshwater metagenome,ULD008,,,,,,,no,,,,,INDIANA UNIVERSITY,SRA1128180,,public,4BC617FDF890FC5128B32AB3D2B84E8B,49D50A743B6B0C0AD3268611A71ACBAA,DNA
SRR12672814,2021-09-28 14:33:04,2020-09-18 19:08:53,92032,46200064,92032,502,30,,https://sra-downloadb.be-md.ncbi.nlm.nih.gov/sos8/sra-pub-zq-820/SRR012/12672/SRR12672814/SRR12672814.lite.1,SRX9153154,ULD069,AMPLICON,PCR,METAGENOMIC,PAIRED,0,0,ILLUMINA,Illumina MiSeq,SRP283915,PRJNA664410,3,664410,SRS7393129,SAMN16213651,simple,449393,freshwater metagenome,ULD069,,,,,,,no,,,,,INDIANA UNIVERSITY,SRA1128180,,public,D49F29DFB4CEF67B638762E3D16CA11B,18B35829262C6B95FEF15835942EF0A7,DNA
SRR12672813,2021-09-28 14:33:04,2020-09-18 19:09:08,113643,57048786,113643,502,37,,https://sra-downloadb.be-md.ncbi.nlm.nih.gov/sos8/sra-pub-zq-820/SRR012/12672/SRR12672813/SRR12672813.lite.1,SRX9153155,ULD070,AMPLICON,PCR,METAGENOMIC,PAIRED,0,0,ILLUMINA,Illumina MiSeq,SRP283915,PRJNA664410,3,664410,SRS7393130,SAMN16213652,simple,449393,freshwater metagenome,ULD070,,,,,,,no,,,,,INDIANA UNIVERSITY,SRA1128180,,public,BC297465B6B8C8E5BB6B34E2A1437517,548DEB6EDD79E704CD6747AB6341B26B,DNA
SRR12672812,2021-09-28 14:33:04,2020-09-18 19:09:07,104006,52211012,104006,502,34,,https://sra-downloadb.be-md.ncbi.nlm.nih.gov/sos1/sra-pub-zq-38/SRR012/12672/SRR12672812/SRR12672812.lite.1,SRX9153156,ULD071,AMPLICON,PCR,METAGENOMIC,PAIRED,0,0,ILLUMINA,Illumina MiSeq,SRP283915,PRJNA664410,3,664410,SRS7393131,SAMN16213653,simple,449393,freshwater metagenome,ULD071,,,,,,,no,,,,,INDIANA UNIVERSITY,SRA1128180,,public,9E05C3966DE324F80908862E96C4DD0E,5893956268ADDF3B1140C22F73A6DCB3,DNA
SRR12672810,2021-09-28 14:33:04,2020-09-18 19:09:08,174309,87503118,174309,502,57,,https://sra-downloadb.be-md.ncbi.nlm.nih.gov/sos1/sra-pub-zq-38/SRR012/12672/SRR12672810/SRR12672810.lite.1,SRX9153158,ULD072,AMPLICON,PCR,METAGENOMIC,PAIRED,0,0,ILLUMINA,Illumina MiSeq,SRP283915,PRJNA664410,3,664410,SRS7393134,SAMN16213654,simple,449393,freshwater metagenome,ULD072,,,,,,,no,,,,,INDIANA UNIVERSITY,SRA1128180,,public,56D4297F45EB9A23D65DE1AE0DDF1F03,3939923C99155B43E05BD5EA9E72ACAA,DNA
SRR12672809,2021-09-28 14:33:04,2020-09-18 19:09:05,50251,25226002,50251,502,16,,https://sra-downloadb.be-md.ncbi.nlm.nih.gov/sos9/sra-pub-zq-924/SRR012/12672/SRR12672809/SRR12672809.lite.1,SRX9153159,ULD073,AMPLICON,PCR,METAGENOMIC,PAIRED,0,0,ILLUMINA,Illumina MiSeq,SRP283915,PRJNA664410,3,664410,SRS7393135,SAMN16213655,simple,449393,freshwater metagenome,ULD073,,,,,,,no,,,,,INDIANA UNIVERSITY,SRA1128180,,public,8A5520F7446EFC43461BEB7DB79D4795,38B99ADF1E5208E1DC4E35D1D799F1EC,DNA
SRR12672808,2021-09-28 14:33:04,2020-09-18 19:09:08,172460,86574920,172460,502,56,,https://sra-downloadb.be-md.ncbi.nlm.nih.gov/sos8/sra-pub-zq-820/SRR012/12672/SRR12672808/SRR12672808.lite.1,SRX9153160,ULD074,AMPLICON,PCR,METAGENOMIC,PAIRED,0,0,ILLUMINA,Illumina MiSeq,SRP283915,PRJNA664410,3,664410,SRS7393133,SAMN16213656,simple,449393,freshwater metagenome,ULD074,,,,,,,no,,,,,INDIANA UNIVERSITY,SRA1128180,,public,B7498AEC69AF48D710BFC034B8EBB2B6,4198480400205C4BCA9AA1E3B62B031A,DNA
SRR12672807,2021-09-28 14:33:04,2020-09-18 19:09:05,71307,35796114,71307,502,23,,https://sra-downloadb.be-md.ncbi.nlm.nih.gov/sos1/sra-pub-zq-38/SRR012/12672/SRR12672807/SRR12672807.lite.1,SRX9153161,ULD075,AMPLICON,PCR,METAGENOMIC,PAIRED,0,0,ILLUMINA,Illumina MiSeq,SRP283915,PRJNA664410,3,664410,SRS7393136,SAMN16213657,simple,449393,freshwater metagenome,ULD075,,,,,,,no,,,,,INDIANA UNIVERSITY,SRA1128180,,public,F666D4B158665860EB8309447C8145EA,2259DCF7B6F8A84F3A9ADF648832A5ED,DNA
SRR12672806,2021-09-28 14:33:04,2020-09-18 19:09:06,73242,36767484,73242,502,24,,https://sra-downloadb.be-md.ncbi.nlm.nih.gov/sos4/sra-pub-zq-1/SRR012/12672/SRR12672806/SRR12672806.lite.1,SRX9153162,ULD076,AMPLICON,PCR,METAGENOMIC,PAIRED,0,0,ILLUMINA,Illumina MiSeq,SRP283915,PRJNA664410,3,664410,SRS7393137,SAMN16213658,simple,449393,freshwater metagenome,ULD076,,,,,,,no,,,,,INDIANA UNIVERSITY,SRA1128180,,public,7030FFDCBB9074BD0C07441061C28EA7,86C28042893BEB182634DAC1A5FB7495,DNA
SRR12672805,2021-09-28 14:33:04,2020-09-18 19:09:08,94556,47467112,94556,502,30,,https://sra-downloadb.be-md.ncbi.nlm.nih.gov/sos4/sra-pub-zq-1/SRR012/12672/SRR12672805/SRR12672805.lite.1,SRX9153163,ULD077,AMPLICON,PCR,METAGENOMIC,PAIRED,0,0,ILLUMINA,Illumina MiSeq,SRP283915,PRJNA664410,3,664410,SRS7393138,SAMN16213659,simple,449393,freshwater metagenome,ULD077,,,,,,,no,,,,,INDIANA UNIVERSITY,SRA1128180,,public,4F329AEEB4FD464931E93F3D6D0C0D89,50DDFBD47634834E0BD11201FE5349EE,DNA
SRR12672800,2021-09-28 14:33:04,2020-09-18 19:09:05,69846,35062692,69846,502,23,,https://sra-downloadb.be-md.ncbi.nlm.nih.gov/sos1/sra-pub-zq-38/SRR012/12672/SRR12672800/SRR12672800.lite.1,SRX9153168,ULD009,AMPLICON,PCR,METAGENOMIC,PAIRED,0,0,ILLUMINA,Illumina MiSeq,SRP283915,PRJNA664410,3,664410,SRS7393143,SAMN16213592,simple,449393,freshwater metagenome,ULD009,,,,,,,no,,,,,INDIANA UNIVERSITY,SRA1128180,,public,38CDAEA3AEF4E6F9013AAD13CAFA8916,554676EC71B44354668F31D5F59DC4DA,DNA
SRR12672804,2021-09-28 14:33:04,2020-09-18 19:08:49,113608,57031216,113608,502,37,,https://sra-downloadb.be-md.ncbi.nlm.nih.gov/sos8/sra-pub-zq-820/SRR012/12672/SRR12672804/SRR12672804.lite.1,SRX9153164,ULD078,AMPLICON,PCR,METAGENOMIC,PAIRED,0,0,ILLUMINA,Illumina MiSeq,SRP283915,PRJNA664410,3,664410,SRS7393139,SAMN16213660,simple,449393,freshwater metagenome,ULD078,,,,,,,no,,,,,INDIANA UNIVERSITY,SRA1128180,,public,CE86EEE35CD21D3E20567BA627CE46FD,546F1A6BC94D63208F8184DE4B17561C,DNA
SRR12672803,2021-09-28 14:33:04,2020-09-18 19:08:49,74462,37379924,74462,502,24,,https://sra-downloadb.be-md.ncbi.nlm.nih.gov/sos8/sra-pub-zq-820/SRR012/12672/SRR12672803/SRR12672803.lite.1,SRX9153165,ULD079,AMPLICON,PCR,METAGENOMIC,PAIRED,0,0,ILLUMINA,Illumina MiSeq,SRP283915,PRJNA664410,3,664410,SRS7393140,SAMN16213661,simple,449393,freshwater metagenome,ULD079,,,,,,,no,,,,,INDIANA UNIVERSITY,SRA1128180,,public,DE8FBD768CF670D082B30ADE0D47E96F,182B6B89AF50DBAFC1B243ECA41E560F,DNA
SRR12672802,2021-09-28 14:33:04,2020-09-18 19:08:52,56226,28225452,56226,502,18,,https://sra-downloadb.be-md.ncbi.nlm.nih.gov/sos9/sra-pub-zq-924/SRR012/12672/SRR12672802/SRR12672802.lite.1,SRX9153166,ULD080,AMPLICON,PCR,METAGENOMIC,PAIRED,0,0,ILLUMINA,Illumina MiSeq,SRP283915,PRJNA664410,3,664410,SRS7393141,SAMN16213662,simple,449393,freshwater metagenome,ULD080,,,,,,,no,,,,,INDIANA UNIVERSITY,SRA1128180,,public,E7751699753AC5A7E7E8E3DB3E8C767C,E620EDFAFD59E02CD0F91106762D77B6,DNA
SRR12672801,2021-09-28 14:33:04,2020-09-18 19:09:06,118880,59677760,118880,502,39,,https://sra-downloadb.be-md.ncbi.nlm.nih.gov/sos9/sra-pub-zq-922/SRR012/12672/SRR12672801/SRR12672801.lite.1,SRX9153167,ULD081,AMPLICON,PCR,METAGENOMIC,PAIRED,0,0,ILLUMINA,Illumina MiSeq,SRP283915,PRJNA664410,3,664410,SRS7393142,SAMN16213663,simple,449393,freshwater metagenome,ULD081,,,,,,,no,,,,,INDIANA UNIVERSITY,SRA1128180,,public,65E1FC13028E04C6B0B9EBA8E023ED3B,1E8B5BC2C31BF2BD6D4C3B6911DB976A,DNA
SRR12672799,2021-09-28 14:33:04,2020-09-18 19:08:53,81582,40954164,81582,502,26,,https://sra-downloadb.be-md.ncbi.nlm.nih.gov/sos1/sra-pub-zq-38/SRR012/12672/SRR12672799/SRR12672799.lite.1,SRX9153169,ULD082,AMPLICON,PCR,METAGENOMIC,PAIRED,0,0,ILLUMINA,Illumina MiSeq,SRP283915,PRJNA664410,3,664410,SRS7393144,SAMN16213664,simple,449393,freshwater metagenome,ULD082,,,,,,,no,,,,,INDIANA UNIVERSITY,SRA1128180,,public,70936089D11CD02E2F1ADB932297C4B1,AF59D9A0CEC9857A534B8F1CC7D1BF92,DNA
SRR12672798,2021-09-28 14:33:04,2020-09-18 19:08:53,94363,47370226,94363,502,31,,https://sra-downloadb.be-md.ncbi.nlm.nih.gov/sos1/sra-pub-zq-38/SRR012/12672/SRR12672798/SRR12672798.lite.1,SRX9153170,ULD083,AMPLICON,PCR,METAGENOMIC,PAIRED,0,0,ILLUMINA,Illumina MiSeq,SRP283915,PRJNA664410,3,664410,SRS7393145,SAMN16213665,simple,449393,freshwater metagenome,ULD083,,,,,,,no,,,,,INDIANA UNIVERSITY,SRA1128180,,public,F10412C0608C54ED4E72256D050C426A,FFC0C67D853E82FCA18BCE8494F36C75,DNA
SRR12672797,2021-09-28 14:33:05,2020-09-18 19:08:54,80343,40332186,80343,502,26,,https://sra-downloadb.be-md.ncbi.nlm.nih.gov/sos1/sra-pub-zq-38/SRR012/12672/SRR12672797/SRR12672797.lite.1,SRX9153171,ULD084,AMPLICON,PCR,METAGENOMIC,PAIRED,0,0,ILLUMINA,Illumina MiSeq,SRP283915,PRJNA664410,3,664410,SRS7393147,SAMN16213666,simple,449393,freshwater metagenome,ULD084,,,,,,,no,,,,,INDIANA UNIVERSITY,SRA1128180,,public,2980A07B0104068514A02AEBCB3DFBEA,47EFBD4D1CF78DA5C26CF75B7FF61F34,DNA
SRR12672796,2021-09-28 14:33:05,2020-09-18 19:08:52,60527,30384554,60527,502,20,,https://sra-downloadb.be-md.ncbi.nlm.nih.gov/sos8/sra-pub-zq-820/SRR012/12672/SRR12672796/SRR12672796.lite.1,SRX9153172,ULD085,AMPLICON,PCR,METAGENOMIC,PAIRED,0,0,ILLUMINA,Illumina MiSeq,SRP283915,PRJNA664410,3,664410,SRS7393146,SAMN16213667,simple,449393,freshwater metagenome,ULD085,,,,,,,no,,,,,INDIANA UNIVERSITY,SRA1128180,,public,52B2F390A5073B1BD6ED4FB74921336A,B80851095C00DCE4B09201809F20021B,DNA
SRR12672795,2021-09-28 14:33:05,2020-09-18 19:09:06,118809,59642118,118809,502,38,,https://sra-downloadb.be-md.ncbi.nlm.nih.gov/sos1/sra-pub-zq-38/SRR012/12672/SRR12672795/SRR12672795.lite.1,SRX9153173,ULD086,AMPLICON,PCR,METAGENOMIC,PAIRED,0,0,ILLUMINA,Illumina MiSeq,SRP283915,PRJNA664410,3,664410,SRS7393148,SAMN16213668,simple,449393,freshwater metagenome,ULD086,,,,,,,no,,,,,INDIANA UNIVERSITY,SRA1128180,,public,790DA09124B21AD36F1CFBA4BDF0C78D,126C1F901D06DDB5CF9A27CB934AFC6E,DNA
SRR12672794,2021-09-28 14:33:05,2020-09-18 19:09:05,79100,39708200,79100,502,26,,https://sra-downloadb.be-md.ncbi.nlm.nih.gov/sos9/sra-pub-zq-924/SRR012/12672/SRR12672794/SRR12672794.lite.1,SRX9153174,ULD087,AMPLICON,PCR,METAGENOMIC,PAIRED,0,0,ILLUMINA,Illumina MiSeq,SRP283915,PRJNA664410,3,664410,SRS7393149,SAMN16213669,simple,449393,freshwater metagenome,ULD087,,,,,,,no,,,,,INDIANA UNIVERSITY,SRA1128180,,public,381B5B1A8A2580265A24D033100E1B46,80A1E2A65C096F527D63A5E148DE0B97,DNA
SRR12672793,2021-09-28 14:33:05,2020-09-18 19:08:46,20060,10070120,20060,502,6,,https://sra-downloadb.be-md.ncbi.nlm.nih.gov/sos4/sra-pub-zq-1/SRR012/12672/SRR12672793/SRR12672793.lite.1,SRX9153175,ULD088,AMPLICON,PCR,METAGENOMIC,PAIRED,0,0,ILLUMINA,Illumina MiSeq,SRP283915,PRJNA664410,3,664410,SRS7393150,SAMN16213670,simple,449393,freshwater metagenome,ULD088,,,,,,,no,,,,,INDIANA UNIVERSITY,SRA1128180,,public,20F642A0CD2393CCCDE9C5B6F381EFA1,BA68BB7B443CFE48BB85339E98ED251A,DNA
SRR12672792,2021-09-28 14:33:05,2020-09-18 19:08:53,51112,25658224,51112,502,17,,https://sra-downloadb.be-md.ncbi.nlm.nih.gov/sos1/sra-pub-zq-38/SRR012/12672/SRR12672792/SRR12672792.lite.1,SRX9153176,ULD089,AMPLICON,PCR,METAGENOMIC,PAIRED,0,0,ILLUMINA,Illumina MiSeq,SRP283915,PRJNA664410,3,664410,SRS7393151,SAMN16213671,simple,449393,freshwater metagenome,ULD089,,,,,,,no,,,,,INDIANA UNIVERSITY,SRA1128180,,public,B900BA756F9AA61597847E83A1B70213,0FED8C2832F32858C95D67837DB6C0AB,DNA
SRR12672791,2021-09-28 14:33:05,2020-09-18 19:08:52,64108,32182216,64108,502,21,,https://sra-downloadb.be-md.ncbi.nlm.nih.gov/sos4/sra-pub-zq-1/SRR012/12672/SRR12672791/SRR12672791.lite.1,SRX9153177,ULD090,AMPLICON,PCR,METAGENOMIC,PAIRED,0,0,ILLUMINA,Illumina MiSeq,SRP283915,PRJNA664410,3,664410,SRS7393152,SAMN16213672,simple,449393,freshwater metagenome,ULD090,,,,,,,no,,,,,INDIANA UNIVERSITY,SRA1128180,,public,EF952B6675BACC6620461A888D1E4180,45893D1487F53C369970FDA10712BF2C,DNA
SRR12672790,2021-09-28 14:33:05,2020-09-18 19:08:52,63098,31675196,63098,502,20,,https://sra-downloadb.be-md.ncbi.nlm.nih.gov/sos4/sra-pub-zq-1/SRR012/12672/SRR12672790/SRR12672790.lite.1,SRX9153178,ULD091,AMPLICON,PCR,METAGENOMIC,PAIRED,0,0,ILLUMINA,Illumina MiSeq,SRP283915,PRJNA664410,3,664410,SRS7393153,SAMN16213673,simple,449393,freshwater metagenome,ULD091,,,,,,,no,,,,,INDIANA UNIVERSITY,SRA1128180,,public,912D23719F61C972937927F927BCFB84,23E5FEEAA9FAB94D283435DDE0865FC3,DNA
SRR12672789,2021-09-28 14:33:05,2020-09-18 19:09:23,494015,247995530,494015,502,163,,https://sra-downloadb.be-md.ncbi.nlm.nih.gov/sos9/sra-pub-zq-922/SRR012/12672/SRR12672789/SRR12672789.lite.1,SRX9153179,ULD010,AMPLICON,PCR,METAGENOMIC,PAIRED,0,0,ILLUMINA,Illumina MiSeq,SRP283915,PRJNA664410,3,664410,SRS7393154,SAMN16213593,simple,449393,freshwater metagenome,ULD010,,,,,,,no,,,,,INDIANA UNIVERSITY,SRA1128180,,public,6AEACD01A98A1B7A8E24DCC2B85CA5EC,8CA5859E1A8A054B979AD1AE3127360A,DNA
SRR12672788,2021-09-28 14:33:05,2020-09-18 19:09:05,74023,37159546,74023,502,24,,https://sra-downloadb.be-md.ncbi.nlm.nih.gov/sos1/sra-pub-zq-38/SRR012/12672/SRR12672788/SRR12672788.lite.1,SRX9153180,ULD092,AMPLICON,PCR,METAGENOMIC,PAIRED,0,0,ILLUMINA,Illumina MiSeq,SRP283915,PRJNA664410,3,664410,SRS7393155,SAMN16213674,simple,449393,freshwater metagenome,ULD092,,,,,,,no,,,,,INDIANA UNIVERSITY,SRA1128180,,public,6D488DE47F4F1C2F7FFED86975307A2B,946603B10C250661FEEF1AEA3D334B97,DNA
SRR12672787,2021-09-28 14:33:05,2020-09-18 19:09:06,77119,38713738,77119,502,25,,https://sra-downloadb.be-md.ncbi.nlm.nih.gov/sos1/sra-pub-zq-38/SRR012/12672/SRR12672787/SRR12672787.lite.1,SRX9153181,ULD093,AMPLICON,PCR,METAGENOMIC,PAIRED,0,0,ILLUMINA,Illumina MiSeq,SRP283915,PRJNA664410,3,664410,SRS7393157,SAMN16213675,simple,449393,freshwater metagenome,ULD093,,,,,,,no,,,,,INDIANA UNIVERSITY,SRA1128180,,public,B47C76E9396FC455564D8D4F40F2767A,7975510DC53A44DC56420970F30101E4,DNA
SRR12672786,2021-09-28 14:33:05,2020-09-18 19:08:51,117411,58940322,117411,502,39,,https://sra-downloadb.be-md.ncbi.nlm.nih.gov/sos8/sra-pub-zq-818/SRR012/12672/SRR12672786/SRR12672786.lite.1,SRX9153182,ULD094,AMPLICON,PCR,METAGENOMIC,PAIRED,0,0,ILLUMINA,Illumina MiSeq,SRP283915,PRJNA664410,3,664410,SRS7393156,SAMN16213676,simple,449393,freshwater metagenome,ULD094,,,,,,,no,,,,,INDIANA UNIVERSITY,SRA1128180,,public,048E8C4F8F9EBE57F7585E2D72CC37B4,B2D35E8497A8A1883C92BFE87E1E6061,DNA
SRR12672785,2021-09-28 14:33:05,2020-09-18 19:09:05,113634,57044268,113634,502,37,,https://sra-downloadb.be-md.ncbi.nlm.nih.gov/sos9/sra-pub-zq-924/SRR012/12672/SRR12672785/SRR12672785.lite.1,SRX9153183,ULD095,AMPLICON,PCR,METAGENOMIC,PAIRED,0,0,ILLUMINA,Illumina MiSeq,SRP283915,PRJNA664410,3,664410,SRS7393158,SAMN16213677,simple,449393,freshwater metagenome,ULD095,,,,,,,no,,,,,INDIANA UNIVERSITY,SRA1128180,,public,479CAF5F04B29C94BBFE51A2DA8765FD,6F04F6FC420AD32495C59DD52D6415A9,DNA
SRR12672784,2021-09-28 14:33:05,2020-09-18 19:08:53,53400,26806800,53400,502,17,,https://sra-downloadb.be-md.ncbi.nlm.nih.gov/sos9/sra-pub-zq-924/SRR012/12672/SRR12672784/SRR12672784.lite.1,SRX9153184,ULD096,AMPLICON,PCR,METAGENOMIC,PAIRED,0,0,ILLUMINA,Illumina MiSeq,SRP283915,PRJNA664410,3,664410,SRS7393159,SAMN16213678,simple,449393,freshwater metagenome,ULD096,,,,,,,no,,,,,INDIANA UNIVERSITY,SRA1128180,,public,9C74A16D6703F5348AE6C8CB0BB4BC31,8CDDAFD5BE7CABE9CB66E1855BAD4A96,DNA
SRR12672783,2021-09-28 14:33:05,2020-09-18 19:09:08,179126,89921252,179126,502,59,,https://sra-downloadb.be-md.ncbi.nlm.nih.gov/sos9/sra-pub-zq-924/SRR012/12672/SRR12672783/SRR12672783.lite.1,SRX9153185,ULD097,AMPLICON,PCR,METAGENOMIC,PAIRED,0,0,ILLUMINA,Illumina MiSeq,SRP283915,PRJNA664410,3,664410,SRS7393160,SAMN16213679,simple,449393,freshwater metagenome,ULD097,,,,,,,no,,,,,INDIANA UNIVERSITY,SRA1128180,,public,3E36E7C6CDF8DE5C8E6A51E01EF86CA1,AD8064C5E031A34C5C199F86F3A7BEB7,DNA
SRR12672782,2021-09-28 14:33:05,2020-09-18 19:08:51,173905,87300310,173905,502,58,,https://sra-downloadb.be-md.ncbi.nlm.nih.gov/sos1/sra-pub-zq-38/SRR012/12672/SRR12672782/SRR12672782.lite.1,SRX9153186,ULD098,AMPLICON,PCR,METAGENOMIC,PAIRED,0,0,ILLUMINA,Illumina MiSeq,SRP283915,PRJNA664410,3,664410,SRS7393162,SAMN16213680,simple,449393,freshwater metagenome,ULD098,,,,,,,no,,,,,INDIANA UNIVERSITY,SRA1128180,,public,F5E4F43DC6B1A66B9018ED86349D5E47,55BCF762CEC7564C92B84FC0BC4AB635,DNA
SRR12672781,2021-09-28 14:33:05,2020-09-18 19:09:08,141666,71116332,141666,502,47,,https://sra-downloadb.be-md.ncbi.nlm.nih.gov/sos8/sra-pub-zq-820/SRR012/12672/SRR12672781/SRR12672781.lite.1,SRX9153187,ULD099,AMPLICON,PCR,METAGENOMIC,PAIRED,0,0,ILLUMINA,Illumina MiSeq,SRP283915,PRJNA664410,3,664410,SRS7393161,SAMN16213681,simple,449393,freshwater metagenome,ULD099,,,,,,,no,,,,,INDIANA UNIVERSITY,SRA1128180,,public,AB83F36A51E4B8CA9874F288EBD56C07,6E629895755F23B0D244718744E6E7ED,DNA
SRR12672780,2021-09-28 14:33:05,2020-09-18 19:09:05,142583,71576666,142583,502,47,,https://sra-downloadb.be-md.ncbi.nlm.nih.gov/sos4/sra-pub-zq-1/SRR012/12672/SRR12672780/SRR12672780.lite.1,SRX9153188,ULD100,AMPLICON,PCR,METAGENOMIC,PAIRED,0,0,ILLUMINA,Illumina MiSeq,SRP283915,PRJNA664410,3,664410,SRS7393163,SAMN16213682,simple,449393,freshwater metagenome,ULD100,,,,,,,no,,,,,INDIANA UNIVERSITY,SRA1128180,,public,3079CC27FC91377CAEE4C82DECFC8ADB,278D898D28F19490905A9908E5829ED0,DNA
SRR12672779,2021-09-28 14:33:05,2020-09-18 19:08:51,157111,78869722,157111,502,52,,https://sra-downloadb.be-md.ncbi.nlm.nih.gov/sos1/sra-pub-zq-38/SRR012/12672/SRR12672779/SRR12672779.lite.1,SRX9153189,ULD101,AMPLICON,PCR,METAGENOMIC,PAIRED,0,0,ILLUMINA,Illumina MiSeq,SRP283915,PRJNA664410,3,664410,SRS7393164,SAMN16213683,simple,449393,freshwater metagenome,ULD101,,,,,,,no,,,,,INDIANA UNIVERSITY,SRA1128180,,public,166410F7A9F6AA61C5CFCFBE355C2F08,E35BEC945867462B53F7A74841DF1EE2,DNA
